"","dates","year","cauv_flow","day","cauv_interpolated","month"
"1",2017-01-01,"2017",169.8851,1,FALSE,1
"2",2017-01-08,"2017",247.1047,8,FALSE,1
"3",2017-01-14,"2017",370.6563,14,FALSE,1
"4",2017-01-21,"2017",293.4367,21,FALSE,1
"5",2017-01-27,"2017",447.8773,27,FALSE,1
"6",2017-02-02,"2017",416.9884,2,FALSE,2
"7",2017-02-07,"2017",416.9884,7,FALSE,2
"8",2017-02-10,"2017",540.5414,10,FALSE,2
"9",2017-02-17,"2017",664.0931,17,FALSE,2
"10",2017-02-22,"2017",895.7533,22,FALSE,2
"11",2017-02-25,"2017",1111.969,25,FALSE,2
"12",2017-03-02,"2017",1312.742,2,FALSE,3
"13",2017-03-04,"2017",1544.402,4,FALSE,3
"14",2017-03-08,"2017",1837.839,8,FALSE,3
"15",2017-03-10,"2017",2100.386,10,FALSE,3
"16",2017-03-13,"2017",2424.711,13,FALSE,3
"17",2017-03-14,"2017",2687.259,14,FALSE,3
"18",2017-03-16,"2017",2888.031,16,FALSE,3
"19",2017-03-17,"2017",3027.027,17,FALSE,3
"20",2017-03-19,"2017",3305.019,19,FALSE,3
"21",2017-03-20,"2017",3011.583,20,FALSE,3
"22",2017-03-23,"2017",2749.035,23,FALSE,3
"23",2017-03-24,"2017",2501.931,24,FALSE,3
"24",2017-03-28,"2017",2316.603,28,FALSE,3
"25",2017-03-30,"2017",2223.939,30,FALSE,3
"26",2017-04-05,"2017",2054.054,5,FALSE,4
"27",2017-04-07,"2017",1837.839,7,FALSE,4
"28",2017-04-10,"2017",1698.842,10,FALSE,4
"29",2017-04-11,"2017",1513.514,11,FALSE,4
"30",2017-04-15,"2017",1328.186,15,FALSE,4
"31",2017-04-18,"2017",1142.858,18,FALSE,4
"32",2017-04-22,"2017",926.6408,22,FALSE,4
"33",2017-04-27,"2017",926.6408,27,FALSE,4
"34",2017-05-03,"2017",849.4212,3,FALSE,5
"35",2017-05-07,"2017",772.2016,7,FALSE,5
"36",2017-05-10,"2017",633.2055,10,FALSE,5
"37",2017-05-14,"2017",586.8735,14,FALSE,5
"38",2017-05-20,"2017",478.7649,20,FALSE,5
"39",2017-05-26,"2017",401.5453,26,FALSE,5
"40",2017-05-31,"2017",401.5453,31,FALSE,5
"41",2017-06-07,"2017",293.4367,7,FALSE,6
"42",2017-06-13,"2017",247.1047,13,FALSE,6
"43",2017-06-18,"2017",247.1047,18,FALSE,6
"44",2017-06-21,"2017",216.2171,21,FALSE,6
"45",2017-06-27,"2017",169.8851,27,FALSE,6
"46",2017-06-30,"2017",123.5531,30,FALSE,6
"47",2017-07-06,"2017",138.9961,6,FALSE,7
"48",2017-07-11,"2017",138.9961,11,FALSE,7
"49",2017-07-16,"2017",138.9961,16,FALSE,7
"50",2017-07-21,"2017",138.9961,21,FALSE,7
"51",2017-07-25,"2017",108.1086,25,FALSE,7
"52",2017-07-31,"2017",92.66408,31,FALSE,7
"53",2017-08-05,"2017",92.66408,5,FALSE,8
"54",2017-08-12,"2017",92.66408,12,FALSE,8
"55",2017-08-17,"2017",123.5531,17,FALSE,8
"56",2017-08-23,"2017",61.77653,23,FALSE,8
"57",2018-01-01,"2018",679.5375,1,FALSE,1
"58",2018-01-02,"2018",741.31335,2,TRUE,1
"59",2018-01-03,"2018",803.0892,3,FALSE,1
"60",2018-01-04,"2018",810.81145,4,TRUE,1
"61",2018-01-05,"2018",818.5337,5,FALSE,1
"62",2018-01-06,"2018",830.1167,6,TRUE,1
"63",2018-01-07,"2018",841.6997,7,TRUE,1
"64",2018-01-08,"2018",853.2827,8,TRUE,1
"65",2018-01-09,"2018",864.8657,9,FALSE,1
"66",2018-01-10,"2018",882.883566666667,10,TRUE,1
"67",2018-01-11,"2018",900.901433333333,11,TRUE,1
"68",2018-01-12,"2018",918.9193,12,TRUE,1
"69",2018-01-13,"2018",936.937166666667,13,TRUE,1
"70",2018-01-14,"2018",954.955033333333,14,TRUE,1
"71",2018-01-15,"2018",972.9729,15,FALSE,1
"72",2018-01-16,"2018",982.23932,16,TRUE,1
"73",2018-01-17,"2018",991.50574,17,TRUE,1
"74",2018-01-18,"2018",1000.77216,18,TRUE,1
"75",2018-01-19,"2018",1010.03858,19,TRUE,1
"76",2018-01-20,"2018",1019.305,20,FALSE,1
"77",2018-01-21,"2018",1039.897,21,TRUE,1
"78",2018-01-22,"2018",1060.489,22,TRUE,1
"79",2018-01-23,"2018",1081.081,23,FALSE,1
"80",2018-01-24,"2018",1142.857,24,TRUE,1
"81",2018-01-25,"2018",1204.633,25,FALSE,1
"82",2018-01-26,"2018",1245.81733333333,26,TRUE,1
"83",2018-01-27,"2018",1287.00166666667,27,TRUE,1
"84",2018-01-28,"2018",1328.186,28,FALSE,1
"85",2018-01-29,"2018",1405.4055,29,TRUE,1
"86",2018-01-30,"2018",1482.625,30,FALSE,1
"87",2018-01-31,"2018",1513.5135,31,TRUE,1
"88",2018-02-01,"2018",1544.402,1,FALSE,2
"89",2018-02-02,"2018",1567.568,2,TRUE,2
"90",2018-02-03,"2018",1590.734,3,FALSE,2
"91",2018-02-04,"2018",1652.51,4,TRUE,2
"92",2018-02-05,"2018",1714.286,5,TRUE,2
"93",2018-02-06,"2018",1776.062,6,FALSE,2
"94",2018-02-07,"2018",1868.726,7,TRUE,2
"95",2018-02-08,"2018",1961.39,8,FALSE,2
"96",2018-02-09,"2018",1992.278,9,TRUE,2
"97",2018-02-10,"2018",2023.166,10,TRUE,2
"98",2018-02-11,"2018",2054.054,11,FALSE,2
"99",2018-02-12,"2018",2069.498,12,TRUE,2
"100",2018-02-13,"2018",2084.942,13,TRUE,2
"101",2018-02-14,"2018",2100.386,14,FALSE,2
"102",2018-02-15,"2018",2169.884,15,TRUE,2
"103",2018-02-16,"2018",2239.382,16,FALSE,2
"104",2018-02-17,"2018",2172.45833333333,17,TRUE,2
"105",2018-02-18,"2018",2105.53466666667,18,TRUE,2
"106",2018-02-19,"2018",2038.611,19,FALSE,2
"107",2018-02-20,"2018",1945.9465,20,TRUE,2
"108",2018-02-21,"2018",1853.282,21,FALSE,2
"109",2018-02-22,"2018",1822.394,22,TRUE,2
"110",2018-02-23,"2018",1791.506,23,TRUE,2
"111",2018-02-24,"2018",1760.618,24,FALSE,2
"112",2018-02-25,"2018",1724.582,25,TRUE,2
"113",2018-02-26,"2018",1688.546,26,TRUE,2
"114",2018-02-27,"2018",1652.51,27,FALSE,2
"115",2018-02-28,"2018",1616.474,28,TRUE,2
"116",2018-03-01,"2018",1580.438,1,TRUE,3
"117",2018-03-02,"2018",1544.402,2,FALSE,3
"118",2018-03-03,"2018",1546.976,3,TRUE,3
"119",2018-03-04,"2018",1549.55,4,TRUE,3
"120",2018-03-05,"2018",1552.124,5,TRUE,3
"121",2018-03-06,"2018",1554.698,6,TRUE,3
"122",2018-03-07,"2018",1557.272,7,TRUE,3
"123",2018-03-08,"2018",1559.846,8,FALSE,3
"124",2018-03-09,"2018",1729.73,9,FALSE,3
"125",2018-03-10,"2018",1822.394,10,TRUE,3
"126",2018-03-11,"2018",1915.058,11,FALSE,3
"127",2018-03-12,"2018",2054.054,12,FALSE,3
"128",2018-03-13,"2018",2111.969,13,TRUE,3
"129",2018-03-14,"2018",2169.884,14,TRUE,3
"130",2018-03-15,"2018",2227.799,15,TRUE,3
"131",2018-03-16,"2018",2285.714,16,FALSE,3
"132",2018-03-17,"2018",2244.53033333333,17,TRUE,3
"133",2018-03-18,"2018",2203.34666666667,18,TRUE,3
"134",2018-03-19,"2018",2162.163,19,FALSE,3
"135",2018-03-20,"2018",2084.943,20,FALSE,3
"136",2018-03-21,"2018",2115.8305,21,TRUE,3
"137",2018-03-22,"2018",2146.718,22,FALSE,3
"138",2018-03-23,"2018",2198.19833333333,23,TRUE,3
"139",2018-03-24,"2018",2249.67866666667,24,TRUE,3
"140",2018-03-25,"2018",2301.159,25,FALSE,3
"141",2018-03-26,"2018",2386.101,26,TRUE,3
"142",2018-03-27,"2018",2471.043,27,FALSE,3
"143",2018-03-28,"2018",2517.375,28,TRUE,3
"144",2018-03-29,"2018",2563.707,29,TRUE,3
"145",2018-03-30,"2018",2610.039,30,FALSE,3
"146",2018-03-31,"2018",2702.703,31,FALSE,3
"147",2018-04-01,"2018",2787.645,1,TRUE,4
"148",2018-04-02,"2018",2872.587,2,FALSE,4
"149",2018-04-03,"2018",2949.807,3,TRUE,4
"150",2018-04-04,"2018",3027.027,4,FALSE,4
"151",2018-04-05,"2018",3104.247,5,FALSE,4
"152",2018-04-06,"2018",3258.687,6,FALSE,4
"153",2018-04-07,"2018",3343.6295,7,TRUE,4
"154",2018-04-08,"2018",3428.572,8,FALSE,4
"155",2018-04-09,"2018",3675.676,9,FALSE,4
"156",2018-04-10,"2018",3907.336,10,FALSE,4
"157",2018-04-11,"2018",4046.332,11,FALSE,4
"158",2018-04-12,"2018",4185.328,12,FALSE,4
"159",2018-04-13,"2018",4308.881,13,FALSE,4
"160",2018-04-14,"2018",4455.599,14,TRUE,4
"161",2018-04-15,"2018",4602.317,15,FALSE,4
"162",2018-04-16,"2018",4664.093,16,FALSE,4
"163",2018-04-17,"2018",4749.035,17,TRUE,4
"164",2018-04-18,"2018",4833.977,18,FALSE,4
"165",2018-04-19,"2018",4849.421,19,TRUE,4
"166",2018-04-20,"2018",4864.865,20,TRUE,4
"167",2018-04-21,"2018",4880.309,21,TRUE,4
"168",2018-04-22,"2018",4895.753,22,FALSE,4
"169",2018-04-23,"2018",4818.533,23,TRUE,4
"170",2018-04-24,"2018",4741.313,24,FALSE,4
"171",2018-04-25,"2018",4525.097,25,FALSE,4
"172",2018-04-26,"2018",4262.548,26,FALSE,4
"173",2018-04-27,"2018",4061.777,27,FALSE,4
"174",2018-04-28,"2018",3945.9465,28,TRUE,4
"175",2018-04-29,"2018",3830.116,29,FALSE,4
"176",2018-04-30,"2018",3413.128,30,FALSE,4
"177",2018-05-01,"2018",3227.8,1,FALSE,5
"178",2018-05-02,"2018",3042.472,2,FALSE,5
"179",2018-05-03,"2018",2810.811,3,FALSE,5
"180",2018-05-04,"2018",2594.595,4,TRUE,5
"181",2018-05-05,"2018",2378.379,5,FALSE,5
"182",2018-05-06,"2018",2023.167,6,FALSE,5
"183",2018-05-07,"2018",1853.282,7,FALSE,5
"184",2018-05-08,"2018",1752.896,8,TRUE,5
"185",2018-05-09,"2018",1652.51,9,FALSE,5
"186",2018-05-10,"2018",1585.586,10,TRUE,5
"187",2018-05-11,"2018",1518.662,11,TRUE,5
"188",2018-05-12,"2018",1451.738,12,FALSE,5
"189",2018-05-13,"2018",1389.962,13,TRUE,5
"190",2018-05-14,"2018",1328.186,14,FALSE,5
"191",2018-05-15,"2018",1281.854,15,TRUE,5
"192",2018-05-16,"2018",1235.522,16,TRUE,5
"193",2018-05-17,"2018",1189.19,17,FALSE,5
"194",2018-05-18,"2018",1142.858,18,TRUE,5
"195",2018-05-19,"2018",1096.526,19,TRUE,5
"196",2018-05-20,"2018",1050.194,20,TRUE,5
"197",2018-05-21,"2018",1003.862,21,FALSE,5
"198",2018-05-22,"2018",983.2698,22,TRUE,5
"199",2018-05-23,"2018",962.6776,23,TRUE,5
"200",2018-05-24,"2018",942.0854,24,TRUE,5
"201",2018-05-25,"2018",921.4932,25,TRUE,5
"202",2018-05-26,"2018",900.901,26,TRUE,5
"203",2018-05-27,"2018",880.3088,27,FALSE,5
"204",2018-05-28,"2018",858.68736,28,TRUE,5
"205",2018-05-29,"2018",837.06592,29,TRUE,5
"206",2018-05-30,"2018",815.44448,30,TRUE,5
"207",2018-05-31,"2018",793.82304,31,TRUE,5
"208",2018-06-01,"2018",772.2016,1,FALSE,6
"209",2018-06-02,"2018",756.757583333333,2,TRUE,6
"210",2018-06-03,"2018",741.313566666667,3,TRUE,6
"211",2018-06-04,"2018",725.86955,4,TRUE,6
"212",2018-06-05,"2018",710.425533333333,5,TRUE,6
"213",2018-06-06,"2018",694.981516666667,6,TRUE,6
"214",2018-06-07,"2018",679.5375,7,FALSE,6
"215",2018-06-08,"2018",651.73828,8,TRUE,6
"216",2018-06-09,"2018",623.93906,9,TRUE,6
"217",2018-06-10,"2018",596.13984,10,TRUE,6
"218",2018-06-11,"2018",568.34062,11,TRUE,6
"219",2018-06-12,"2018",540.5414,12,FALSE,6
"220",2018-06-13,"2018",532.81915,13,TRUE,6
"221",2018-06-14,"2018",525.0969,14,TRUE,6
"222",2018-06-15,"2018",517.37465,15,TRUE,6
"223",2018-06-16,"2018",509.6524,16,FALSE,6
"224",2018-06-17,"2018",482.625625,17,TRUE,6
"225",2018-06-18,"2018",455.59885,18,TRUE,6
"226",2018-06-19,"2018",428.572075,19,TRUE,6
"227",2018-06-20,"2018",401.5453,20,FALSE,6
"228",2018-06-21,"2018",393.8233,21,TRUE,6
"229",2018-06-22,"2018",386.1013,22,TRUE,6
"230",2018-06-23,"2018",378.3793,23,TRUE,6
"231",2018-06-24,"2018",370.6573,24,TRUE,6
"232",2018-06-25,"2018",362.9353,25,TRUE,6
"233",2018-06-26,"2018",355.2133,26,FALSE,6
"234",2018-06-27,"2018",351.352175,27,TRUE,6
"235",2018-06-28,"2018",347.49105,28,TRUE,6
"236",2018-06-29,"2018",343.629925,29,TRUE,6
"237",2018-06-30,"2018",339.7688,30,TRUE,6
"238",2018-07-01,"2018",335.907675,1,TRUE,7
"239",2018-07-02,"2018",332.04655,2,TRUE,7
"240",2018-07-03,"2018",328.185425,3,TRUE,7
"241",2018-07-04,"2018",324.3243,4,FALSE,7
"242",2018-07-05,"2018",319.911785714286,5,TRUE,7
"243",2018-07-06,"2018",315.499271428571,6,TRUE,7
"244",2018-07-07,"2018",311.086757142857,7,TRUE,7
"245",2018-07-08,"2018",306.674242857143,8,TRUE,7
"246",2018-07-09,"2018",302.261728571429,9,TRUE,7
"247",2018-07-10,"2018",297.849214285714,10,TRUE,7
"248",2018-07-11,"2018",293.4367,11,FALSE,7
"249",2018-07-12,"2018",293.4367,12,TRUE,7
"250",2018-07-13,"2018",293.4367,13,TRUE,7
"251",2018-07-14,"2018",293.4367,14,TRUE,7
"252",2018-07-15,"2018",293.4367,15,TRUE,7
"253",2018-07-16,"2018",293.4367,16,TRUE,7
"254",2018-07-17,"2018",293.4367,17,FALSE,7
"255",2018-07-18,"2018",289.0242,18,TRUE,7
"256",2018-07-19,"2018",284.6117,19,TRUE,7
"257",2018-07-20,"2018",280.1992,20,TRUE,7
"258",2018-07-21,"2018",275.7867,21,TRUE,7
"259",2018-07-22,"2018",271.3742,22,TRUE,7
"260",2018-07-23,"2018",266.9617,23,TRUE,7
"261",2018-07-24,"2018",262.5492,24,FALSE,7
"262",2018-07-25,"2018",259.117088888889,25,TRUE,7
"263",2018-07-26,"2018",255.684977777778,26,TRUE,7
"264",2018-07-27,"2018",252.252866666667,27,TRUE,7
"265",2018-07-28,"2018",248.820755555556,28,TRUE,7
"266",2018-07-29,"2018",245.388644444444,29,TRUE,7
"267",2018-07-30,"2018",241.956533333333,30,TRUE,7
"268",2018-07-31,"2018",238.524422222222,31,TRUE,7
"269",2018-08-01,"2018",235.092311111111,1,TRUE,8
"270",2018-08-02,"2018",231.6602,2,FALSE,8
"271",2018-08-03,"2018",222.3938,3,TRUE,8
"272",2018-08-04,"2018",213.1274,4,TRUE,8
"273",2018-08-05,"2018",203.861,5,TRUE,8
"274",2018-08-06,"2018",194.5946,6,TRUE,8
"275",2018-08-07,"2018",185.3282,7,FALSE,8
"276",2018-08-08,"2018",185.3282,8,TRUE,8
"277",2018-08-09,"2018",185.3282,9,TRUE,8
"278",2018-08-10,"2018",185.3282,10,TRUE,8
"279",2018-08-11,"2018",185.3282,11,TRUE,8
"280",2018-08-12,"2018",185.3282,12,FALSE,8
"281",2018-08-13,"2018",172.97318,13,TRUE,8
"282",2018-08-14,"2018",160.61816,14,TRUE,8
"283",2018-08-15,"2018",148.26314,15,TRUE,8
"284",2018-08-16,"2018",135.90812,16,TRUE,8
"285",2018-08-17,"2018",123.5531,17,FALSE,8
"286",2018-08-18,"2018",134.584457142857,18,TRUE,8
"287",2018-08-19,"2018",145.615814285714,19,TRUE,8
"288",2018-08-20,"2018",156.647171428571,20,TRUE,8
"289",2018-08-21,"2018",167.678528571429,21,TRUE,8
"290",2018-08-22,"2018",178.709885714286,22,TRUE,8
"291",2018-08-23,"2018",189.741242857143,23,TRUE,8
"292",2018-08-24,"2018",200.7726,24,FALSE,8
"293",2018-08-25,"2018",200.7726,25,TRUE,8
"294",2018-08-26,"2018",200.7726,26,TRUE,8
"295",2018-08-27,"2018",200.7726,27,TRUE,8
"296",2018-08-28,"2018",200.7726,28,TRUE,8
"297",2018-08-29,"2018",200.7726,29,TRUE,8
"298",2018-08-30,"2018",200.7726,30,FALSE,8
"299",2018-08-31,"2018",169.88435,31,TRUE,8
"300",2019-01-01,"2019",138.9961,1,FALSE,1
"301",2019-01-02,"2019",145.1739,2,TRUE,1
"302",2019-01-03,"2019",151.3517,3,TRUE,1
"303",2019-01-04,"2019",157.5295,4,TRUE,1
"304",2019-01-05,"2019",163.7073,5,TRUE,1
"305",2019-01-06,"2019",169.8851,6,FALSE,1
"306",2019-01-07,"2019",169.8851,7,TRUE,1
"307",2019-01-08,"2019",169.8851,8,TRUE,1
"308",2019-01-09,"2019",169.8851,9,TRUE,1
"309",2019-01-10,"2019",169.8851,10,FALSE,1
"310",2019-01-11,"2019",195.624966666667,11,TRUE,1
"311",2019-01-12,"2019",221.364833333333,12,TRUE,1
"312",2019-01-13,"2019",247.1047,13,FALSE,1
"313",2019-01-14,"2019",252.252866666667,14,TRUE,1
"314",2019-01-15,"2019",257.401033333333,15,TRUE,1
"315",2019-01-16,"2019",262.5492,16,FALSE,1
"316",2019-01-17,"2019",277.99295,17,TRUE,1
"317",2019-01-18,"2019",293.4367,18,FALSE,1
"318",2019-01-19,"2019",293.4367,19,TRUE,1
"319",2019-01-20,"2019",293.4367,20,TRUE,1
"320",2019-01-21,"2019",293.4367,21,FALSE,1
"321",2019-01-22,"2019",308.8805,22,TRUE,1
"322",2019-01-23,"2019",324.3243,23,FALSE,1
"323",2019-01-24,"2019",332.04655,24,TRUE,1
"324",2019-01-25,"2019",339.7688,25,FALSE,1
"325",2019-01-26,"2019",362.934825,26,TRUE,1
"326",2019-01-27,"2019",386.10085,27,TRUE,1
"327",2019-01-28,"2019",409.266875,28,TRUE,1
"328",2019-01-29,"2019",432.4329,29,FALSE,1
"329",2019-01-30,"2019",437.581033333333,30,TRUE,1
"330",2019-01-31,"2019",442.729166666667,31,TRUE,1
"331",2019-02-01,"2019",447.8773,1,FALSE,2
"332",2019-02-02,"2019",447.8773,2,TRUE,2
"333",2019-02-03,"2019",447.8773,3,FALSE,2
"334",2019-02-04,"2019",455.5992,4,TRUE,2
"335",2019-02-05,"2019",463.3211,5,TRUE,2
"336",2019-02-06,"2019",471.043,6,TRUE,2
"337",2019-02-07,"2019",478.7649,7,FALSE,2
"338",2019-02-08,"2019",501.9309,8,TRUE,2
"339",2019-02-09,"2019",525.0969,9,FALSE,2
"340",2019-02-10,"2019",530.245066666667,10,TRUE,2
"341",2019-02-11,"2019",535.393233333333,11,TRUE,2
"342",2019-02-12,"2019",540.5414,12,FALSE,2
"343",2019-02-13,"2019",540.5414,13,FALSE,2
"344",2019-02-14,"2019",525.0974,14,TRUE,2
"345",2019-02-15,"2019",509.6534,15,TRUE,2
"346",2019-02-16,"2019",494.2094,16,FALSE,2
"347",2019-02-17,"2019",494.2094,17,TRUE,2
"348",2019-02-18,"2019",494.2094,18,FALSE,2
"349",2019-02-19,"2019",504.505233333333,19,TRUE,2
"350",2019-02-20,"2019",514.801066666667,20,TRUE,2
"351",2019-02-21,"2019",525.0969,21,FALSE,2
"352",2019-02-22,"2019",531.27442,22,TRUE,2
"353",2019-02-23,"2019",537.45194,23,TRUE,2
"354",2019-02-24,"2019",543.62946,24,TRUE,2
"355",2019-02-25,"2019",549.80698,25,TRUE,2
"356",2019-02-26,"2019",555.9845,26,FALSE,2
"357",2019-02-27,"2019",561.132666666667,27,TRUE,2
"358",2019-02-28,"2019",566.280833333333,28,TRUE,2
"359",2019-03-01,"2019",571.429,1,FALSE,3
"360",2019-03-02,"2019",586.873,2,TRUE,3
"361",2019-03-03,"2019",602.317,3,TRUE,3
"362",2019-03-04,"2019",617.761,4,FALSE,3
"363",2019-03-05,"2019",638.353166666667,5,TRUE,3
"364",2019-03-06,"2019",658.945333333333,6,TRUE,3
"365",2019-03-07,"2019",679.5375,7,FALSE,3
"366",2019-03-08,"2019",691.120525,8,TRUE,3
"367",2019-03-09,"2019",702.70355,9,TRUE,3
"368",2019-03-10,"2019",714.286575,10,TRUE,3
"369",2019-03-11,"2019",725.8696,11,FALSE,3
"370",2019-03-12,"2019",725.8696,12,TRUE,3
"371",2019-03-13,"2019",725.8696,13,TRUE,3
"372",2019-03-14,"2019",725.8696,14,FALSE,3
"373",2019-03-15,"2019",728.95822,15,TRUE,3
"374",2019-03-16,"2019",732.04684,16,TRUE,3
"375",2019-03-17,"2019",735.13546,17,TRUE,3
"376",2019-03-18,"2019",738.22408,18,TRUE,3
"377",2019-03-19,"2019",741.3127,19,FALSE,3
"378",2019-03-20,"2019",744.40158,20,TRUE,3
"379",2019-03-21,"2019",747.49046,21,TRUE,3
"380",2019-03-22,"2019",750.57934,22,TRUE,3
"381",2019-03-23,"2019",753.66822,23,TRUE,3
"382",2019-03-24,"2019",756.7571,24,FALSE,3
"383",2019-03-25,"2019",756.7571,25,TRUE,3
"384",2019-03-26,"2019",756.7571,26,TRUE,3
"385",2019-03-27,"2019",756.7571,27,TRUE,3
"386",2019-03-28,"2019",756.7571,28,TRUE,3
"387",2019-03-29,"2019",756.7571,29,FALSE,3
"388",2019-03-30,"2019",754.183033333333,30,TRUE,3
"389",2019-03-31,"2019",751.608966666667,31,TRUE,3
"390",2019-04-01,"2019",749.0349,1,TRUE,4
"391",2019-04-02,"2019",746.460833333333,2,TRUE,4
"392",2019-04-03,"2019",743.886766666667,3,TRUE,4
"393",2019-04-04,"2019",741.3127,4,FALSE,4
"394",2019-04-05,"2019",741.3127,5,TRUE,4
"395",2019-04-06,"2019",741.3127,6,TRUE,4
"396",2019-04-07,"2019",741.3127,7,TRUE,4
"397",2019-04-08,"2019",741.3127,8,FALSE,4
"398",2019-04-09,"2019",732.04628,9,TRUE,4
"399",2019-04-10,"2019",722.77986,10,TRUE,4
"400",2019-04-11,"2019",713.51344,11,TRUE,4
"401",2019-04-12,"2019",704.24702,12,TRUE,4
"402",2019-04-13,"2019",694.9806,13,FALSE,4
"403",2019-04-14,"2019",679.5366,14,TRUE,4
"404",2019-04-15,"2019",664.0926,15,TRUE,4
"405",2019-04-16,"2019",648.6486,16,FALSE,4
"406",2019-04-17,"2019",633.204825,17,TRUE,4
"407",2019-04-18,"2019",617.76105,18,TRUE,4
"408",2019-04-19,"2019",602.317275,19,TRUE,4
"409",2019-04-20,"2019",586.8735,20,FALSE,4
"410",2019-04-21,"2019",586.8735,21,TRUE,4
"411",2019-04-22,"2019",586.8735,22,TRUE,4
"412",2019-04-23,"2019",586.8735,23,FALSE,4
"413",2019-04-24,"2019",583.7846,24,TRUE,4
"414",2019-04-25,"2019",580.6957,25,TRUE,4
"415",2019-04-26,"2019",577.6068,26,TRUE,4
"416",2019-04-27,"2019",574.5179,27,TRUE,4
"417",2019-04-28,"2019",571.429,28,FALSE,4
"418",2019-04-29,"2019",561.133133333333,29,TRUE,4
"419",2019-04-30,"2019",550.837266666667,30,TRUE,4
"420",2019-05-01,"2019",540.5414,1,FALSE,5
"421",2019-05-02,"2019",528.9584,2,TRUE,5
"422",2019-05-03,"2019",517.3754,3,TRUE,5
"423",2019-05-04,"2019",505.7924,4,TRUE,5
"424",2019-05-05,"2019",494.2094,5,FALSE,5
"425",2019-05-06,"2019",473.617233333333,6,TRUE,5
"426",2019-05-07,"2019",453.025066666667,7,TRUE,5
"427",2019-05-08,"2019",432.4329,8,FALSE,5
"428",2019-05-09,"2019",416.9891,9,TRUE,5
"429",2019-05-10,"2019",401.5453,10,FALSE,5
"430",2019-05-11,"2019",393.82305,11,TRUE,5
"431",2019-05-12,"2019",386.1008,12,FALSE,5
"432",2019-05-13,"2019",386.1008,13,TRUE,5
"433",2019-05-14,"2019",386.1008,14,TRUE,5
"434",2019-05-15,"2019",386.1008,15,TRUE,5
"435",2019-05-16,"2019",386.1008,16,FALSE,5
"436",2019-05-17,"2019",375.804966666667,17,TRUE,5
"437",2019-05-18,"2019",365.509133333333,18,TRUE,5
"438",2019-05-19,"2019",355.2133,19,FALSE,5
"439",2019-05-20,"2019",335.908025,20,TRUE,5
"440",2019-05-21,"2019",316.60275,21,TRUE,5
"441",2019-05-22,"2019",297.297475,22,TRUE,5
"442",2019-05-23,"2019",277.9922,23,FALSE,5
"443",2019-05-24,"2019",277.9922,24,TRUE,5
"444",2019-05-25,"2019",277.9922,25,TRUE,5
"445",2019-05-26,"2019",277.9922,26,TRUE,5
"446",2019-05-27,"2019",277.9922,27,FALSE,5
"447",2019-05-28,"2019",277.9922,28,TRUE,5
"448",2019-05-29,"2019",277.9922,29,TRUE,5
"449",2019-05-30,"2019",277.9922,30,TRUE,5
"450",2019-05-31,"2019",277.9922,31,TRUE,5
"451",2019-06-01,"2019",277.9922,1,TRUE,6
"452",2019-06-02,"2019",277.9922,2,FALSE,6
"453",2019-06-03,"2019",271.8147,3,TRUE,6
"454",2019-06-04,"2019",265.6372,4,TRUE,6
"455",2019-06-05,"2019",259.4597,5,TRUE,6
"456",2019-06-06,"2019",253.2822,6,TRUE,6
"457",2019-06-07,"2019",247.1047,7,FALSE,6
"458",2019-06-08,"2019",243.243575,8,TRUE,6
"459",2019-06-09,"2019",239.38245,9,TRUE,6
"460",2019-06-10,"2019",235.521325,10,TRUE,6
"461",2019-06-11,"2019",231.6602,11,FALSE,6
"462",2019-06-12,"2019",227.799425,12,TRUE,6
"463",2019-06-13,"2019",223.93865,13,TRUE,6
"464",2019-06-14,"2019",220.077875,14,TRUE,6
"465",2019-06-15,"2019",216.2171,15,FALSE,6
"466",2019-06-16,"2019",216.2171,16,TRUE,6
"467",2019-06-17,"2019",216.2171,17,TRUE,6
"468",2019-06-18,"2019",216.2171,18,TRUE,6
"469",2019-06-19,"2019",216.2171,19,FALSE,6
"470",2019-06-20,"2019",206.9507,20,TRUE,6
"471",2019-06-21,"2019",197.6843,21,TRUE,6
"472",2019-06-22,"2019",188.4179,22,TRUE,6
"473",2019-06-23,"2019",179.1515,23,TRUE,6
"474",2019-06-24,"2019",169.8851,24,FALSE,6
"475",2019-06-25,"2019",159.588766666667,25,TRUE,6
"476",2019-06-26,"2019",149.292433333333,26,TRUE,6
"477",2019-06-27,"2019",138.9961,27,FALSE,6
"478",2019-06-28,"2019",138.9961,28,TRUE,6
"479",2019-06-29,"2019",138.9961,29,TRUE,6
"480",2019-06-30,"2019",138.9961,30,TRUE,6
"481",2019-07-01,"2019",138.9961,1,TRUE,7
"482",2019-07-02,"2019",138.9961,2,TRUE,7
"483",2019-07-03,"2019",138.9961,3,TRUE,7
"484",2019-07-04,"2019",138.9961,4,FALSE,7
"485",2019-07-05,"2019",136.422266666667,5,TRUE,7
"486",2019-07-06,"2019",133.848433333333,6,TRUE,7
"487",2019-07-07,"2019",131.2746,7,TRUE,7
"488",2019-07-08,"2019",128.700766666667,8,TRUE,7
"489",2019-07-09,"2019",126.126933333333,9,TRUE,7
"490",2019-07-10,"2019",123.5531,10,FALSE,7
"491",2019-07-11,"2019",123.5531,11,TRUE,7
"492",2019-07-12,"2019",123.5531,12,TRUE,7
"493",2019-07-13,"2019",123.5531,13,TRUE,7
"494",2019-07-14,"2019",123.5531,14,TRUE,7
"495",2019-07-15,"2019",123.5531,15,TRUE,7
"496",2019-07-16,"2019",123.5531,16,TRUE,7
"497",2019-07-17,"2019",123.5531,17,FALSE,7
"498",2019-07-18,"2019",118.40493,18,TRUE,7
"499",2019-07-19,"2019",113.25676,19,TRUE,7
"500",2019-07-20,"2019",108.10859,20,TRUE,7
"501",2019-07-21,"2019",102.96042,21,TRUE,7
"502",2019-07-22,"2019",97.81225,22,TRUE,7
"503",2019-07-23,"2019",92.66408,23,FALSE,7
"504",2019-07-24,"2019",90.73369625,24,TRUE,7
"505",2019-07-25,"2019",88.8033125,25,TRUE,7
"506",2019-07-26,"2019",86.87292875,26,TRUE,7
"507",2019-07-27,"2019",84.942545,27,TRUE,7
"508",2019-07-28,"2019",83.01216125,28,TRUE,7
"509",2019-07-29,"2019",81.0817775,29,TRUE,7
"510",2019-07-30,"2019",79.15139375,30,TRUE,7
"511",2019-07-31,"2019",77.22101,31,FALSE,7
"512",2019-08-01,"2019",77.22101,1,TRUE,8
"513",2019-08-02,"2019",77.22101,2,TRUE,8
"514",2019-08-03,"2019",77.22101,3,TRUE,8
"515",2019-08-04,"2019",77.22101,4,TRUE,8
"516",2019-08-05,"2019",77.22101,5,FALSE,8
"517",2019-08-06,"2019",77.22101,6,TRUE,8
"518",2019-08-07,"2019",77.22101,7,TRUE,8
"519",2019-08-08,"2019",77.22101,8,TRUE,8
"520",2019-08-09,"2019",77.22101,9,TRUE,8
"521",2019-08-10,"2019",77.22101,10,TRUE,8
"522",2019-08-11,"2019",77.22101,11,FALSE,8
"523",2019-08-12,"2019",77.22101,12,TRUE,8
"524",2019-08-13,"2019",77.22101,13,TRUE,8
"525",2019-08-14,"2019",77.22101,14,TRUE,8
"526",2019-08-15,"2019",77.22101,15,TRUE,8
"527",2019-08-16,"2019",77.22101,16,TRUE,8
"528",2019-08-17,"2019",77.22101,17,FALSE,8
"529",2019-08-18,"2019",77.22101,18,TRUE,8
"530",2019-08-19,"2019",77.22101,19,TRUE,8
"531",2019-08-20,"2019",77.22101,20,FALSE,8
"532",2019-08-21,"2019",77.22101,21,TRUE,8
"533",2019-08-22,"2019",77.22101,22,TRUE,8
"534",2019-08-23,"2019",77.22101,23,FALSE,8
"535",2019-08-24,"2019",77.22101,24,TRUE,8
"536",2019-08-25,"2019",77.22101,25,TRUE,8
"537",2019-08-26,"2019",77.22101,26,TRUE,8
"538",2019-08-27,"2019",77.22101,27,TRUE,8
"539",2019-08-28,"2019",77.22101,28,TRUE,8
"540",2019-08-29,"2019",77.22101,29,TRUE,8
"541",2019-08-30,"2019",77.22101,30,TRUE,8
"542",2019-08-31,"2019",77.22101,31,FALSE,8
"543",2020-01-01,"2020",262.5492,1,FALSE,1
"544",2020-01-02,"2020",262.5492,2,TRUE,1
"545",2020-01-03,"2020",262.5492,3,TRUE,1
"546",2020-01-04,"2020",262.5492,4,TRUE,1
"547",2020-01-05,"2020",262.5492,5,FALSE,1
"548",2020-01-06,"2020",274.1322,6,TRUE,1
"549",2020-01-07,"2020",285.7152,7,TRUE,1
"550",2020-01-08,"2020",297.2982,8,TRUE,1
"551",2020-01-09,"2020",308.8812,9,FALSE,1
"552",2020-01-10,"2020",329.4729,10,TRUE,1
"553",2020-01-11,"2020",350.0646,11,TRUE,1
"554",2020-01-12,"2020",370.6563,12,FALSE,1
"555",2020-01-13,"2020",389.96155,13,TRUE,1
"556",2020-01-14,"2020",409.2668,14,TRUE,1
"557",2020-01-15,"2020",428.57205,15,TRUE,1
"558",2020-01-16,"2020",447.8773,16,FALSE,1
"559",2020-01-17,"2020",494.20935,17,TRUE,1
"560",2020-01-18,"2020",540.5414,18,FALSE,1
"561",2020-01-19,"2020",559.07422,19,TRUE,1
"562",2020-01-20,"2020",577.60704,20,TRUE,1
"563",2020-01-21,"2020",596.13986,21,TRUE,1
"564",2020-01-22,"2020",614.67268,22,TRUE,1
"565",2020-01-23,"2020",633.2055,23,FALSE,1
"566",2020-01-24,"2020",787.6447,24,FALSE,1
"567",2020-01-25,"2020",818.532733333333,25,TRUE,1
"568",2020-01-26,"2020",849.420766666667,26,TRUE,1
"569",2020-01-27,"2020",880.3088,27,FALSE,1
"570",2020-01-28,"2020",931.788866666667,28,TRUE,1
"571",2020-01-29,"2020",983.268933333333,29,TRUE,1
"572",2020-01-30,"2020",1034.749,30,FALSE,1
"573",2020-01-31,"2020",1106.821,31,TRUE,1
"574",2020-02-01,"2020",1178.893,1,TRUE,2
"575",2020-02-02,"2020",1250.965,2,FALSE,2
"576",2020-02-03,"2020",1359.074,3,FALSE,2
"577",2020-02-04,"2020",1405.406,4,TRUE,2
"578",2020-02-05,"2020",1451.738,5,FALSE,2
"579",2020-02-06,"2020",1477.47766666667,6,TRUE,2
"580",2020-02-07,"2020",1503.21733333333,7,TRUE,2
"581",2020-02-08,"2020",1528.957,8,FALSE,2
"582",2020-02-09,"2020",1613.8995,9,TRUE,2
"583",2020-02-10,"2020",1698.842,10,FALSE,2
"584",2020-02-11,"2020",1822.394,11,FALSE,2
"585",2020-02-12,"2020",1961.39,12,FALSE,2
"586",2020-02-13,"2020",2362.935,13,FALSE,2
"587",2020-02-14,"2020",2594.595,14,FALSE,2
"588",2020-02-15,"2020",2749.035,15,FALSE,2
"589",2020-02-16,"2020",2918.919,16,FALSE,2
"590",2020-02-17,"2020",3081.0815,17,TRUE,2
"591",2020-02-18,"2020",3243.244,18,FALSE,2
"592",2020-02-19,"2020",3675.676,19,FALSE,2
"593",2020-02-20,"2020",4092.664,20,FALSE,2
"594",2020-02-21,"2020",4308.881,21,FALSE,2
"595",2020-02-22,"2020",4509.652,22,FALSE,2
"596",2020-02-23,"2020",4679.537,23,FALSE,2
"597",2020-02-24,"2020",4795.367,24,TRUE,2
"598",2020-02-25,"2020",4911.197,25,FALSE,2
"599",2020-02-26,"2020",4903.475,26,TRUE,2
"600",2020-02-27,"2020",4895.753,27,FALSE,2
"601",2020-02-28,"2020",4849.421,28,FALSE,2
"602",2020-02-29,"2020",4756.757,29,FALSE,2
"603",2020-03-01,"2020",4715.573,1,TRUE,3
"604",2020-03-02,"2020",4674.389,2,TRUE,3
"605",2020-03-03,"2020",4633.205,3,FALSE,3
"606",2020-03-04,"2020",4525.0965,4,TRUE,3
"607",2020-03-05,"2020",4416.988,5,FALSE,3
"608",2020-03-06,"2020",4169.884,6,FALSE,3
"609",2020-03-07,"2020",3984.556,7,FALSE,3
"610",2020-03-08,"2020",3907.336,8,TRUE,3
"611",2020-03-09,"2020",3830.116,9,FALSE,3
"612",2020-03-10,"2020",3691.12,10,FALSE,3
"613",2020-03-11,"2020",3444.016,11,FALSE,3
"614",2020-03-12,"2020",3335.908,12,FALSE,3
"615",2020-03-13,"2020",3227.8,13,FALSE,3
"616",2020-03-14,"2020",3127.4135,14,TRUE,3
"617",2020-03-15,"2020",3027.027,15,FALSE,3
"618",2020-03-16,"2020",2942.085,16,TRUE,3
"619",2020-03-17,"2020",2857.143,17,FALSE,3
"620",2020-03-18,"2020",2942.085,18,TRUE,3
"621",2020-03-19,"2020",3027.027,19,FALSE,3
"622",2020-03-20,"2020",3189.189,20,TRUE,3
"623",2020-03-21,"2020",3351.351,21,FALSE,3
"624",2020-03-22,"2020",3528.9575,22,TRUE,3
"625",2020-03-23,"2020",3706.564,23,FALSE,3
"626",2020-03-24,"2020",3953.668,24,FALSE,3
"627",2020-03-25,"2020",4108.108,25,TRUE,3
"628",2020-03-26,"2020",4262.548,26,TRUE,3
"629",2020-03-27,"2020",4416.988,27,FALSE,3
"630",2020-03-28,"2020",4571.429,28,FALSE,3
"631",2020-03-29,"2020",4787.645,29,FALSE,3
"632",2020-03-30,"2020",4972.973,30,TRUE,3
"633",2020-03-31,"2020",5158.301,31,FALSE,3
"634",2020-04-01,"2020",5250.965,1,TRUE,4
"635",2020-04-02,"2020",5343.629,2,TRUE,4
"636",2020-04-03,"2020",5436.293,3,TRUE,4
"637",2020-04-04,"2020",5528.957,4,FALSE,4
"638",2020-04-05,"2020",5691.1195,5,TRUE,4
"639",2020-04-06,"2020",5853.282,6,FALSE,4
"640",2020-04-07,"2020",5817.246,7,TRUE,4
"641",2020-04-08,"2020",5781.21,8,TRUE,4
"642",2020-04-09,"2020",5745.174,9,FALSE,4
"643",2020-04-10,"2020",5606.178,10,FALSE,4
"644",2020-04-11,"2020",5389.961,11,FALSE,4
"645",2020-04-12,"2020",5281.8535,12,TRUE,4
"646",2020-04-13,"2020",5173.746,13,FALSE,4
"647",2020-04-14,"2020",4972.973,14,FALSE,4
"648",2020-04-15,"2020",4664.093,15,FALSE,4
"649",2020-04-16,"2020",4386.101,16,FALSE,4
"650",2020-04-17,"2020",4283.14066666667,17,TRUE,4
"651",2020-04-18,"2020",4180.18033333333,18,TRUE,4
"652",2020-04-19,"2020",4077.22,19,FALSE,4
"653",2020-04-20,"2020",3830.116,20,FALSE,4
"654",2020-04-21,"2020",3714.286,21,TRUE,4
"655",2020-04-22,"2020",3598.456,22,FALSE,4
"656",2020-04-23,"2020",3243.2435,23,TRUE,4
"657",2020-04-24,"2020",2888.031,24,FALSE,4
"658",2020-04-25,"2020",2548.263,25,FALSE,4
"659",2020-04-26,"2020",2424.711,26,TRUE,4
"660",2020-04-27,"2020",2301.159,27,TRUE,4
"661",2020-04-28,"2020",2177.607,28,FALSE,4
"662",2020-04-29,"2020",2100.38675,29,TRUE,4
"663",2020-04-30,"2020",2023.1665,30,TRUE,4
"664",2020-05-01,"2020",1945.94625,1,TRUE,5
"665",2020-05-02,"2020",1868.726,2,FALSE,5
"666",2020-05-03,"2020",1745.1735,3,TRUE,5
"667",2020-05-04,"2020",1621.621,4,FALSE,5
"668",2020-05-05,"2020",1505.791,5,TRUE,5
"669",2020-05-06,"2020",1389.961,6,FALSE,5
"670",2020-05-07,"2020",1353.92533333333,7,TRUE,5
"671",2020-05-08,"2020",1317.88966666667,8,TRUE,5
"672",2020-05-09,"2020",1281.854,9,FALSE,5
"673",2020-05-10,"2020",1220.078,10,TRUE,5
"674",2020-05-11,"2020",1158.302,11,TRUE,5
"675",2020-05-12,"2020",1096.526,12,FALSE,5
"676",2020-05-13,"2020",1060.48976666667,13,TRUE,5
"677",2020-05-14,"2020",1024.45353333333,14,TRUE,5
"678",2020-05-15,"2020",988.4173,15,FALSE,5
"679",2020-05-16,"2020",957.52918,16,TRUE,5
"680",2020-05-17,"2020",926.64106,17,TRUE,5
"681",2020-05-18,"2020",895.75294,18,TRUE,5
"682",2020-05-19,"2020",864.86482,19,TRUE,5
"683",2020-05-20,"2020",833.9767,20,FALSE,5
"684",2020-05-21,"2020",823.6807,21,TRUE,5
"685",2020-05-22,"2020",813.3847,22,TRUE,5
"686",2020-05-23,"2020",803.0887,23,TRUE,5
"687",2020-05-24,"2020",792.7927,24,TRUE,5
"688",2020-05-25,"2020",782.4967,25,TRUE,5
"689",2020-05-26,"2020",772.2007,26,TRUE,5
"690",2020-05-27,"2020",761.9047,27,TRUE,5
"691",2020-05-28,"2020",751.6087,28,TRUE,5
"692",2020-05-29,"2020",741.3127,29,FALSE,5
"693",2020-05-30,"2020",716.2162875,30,TRUE,5
"694",2020-05-31,"2020",691.119875,31,TRUE,5
"695",2020-06-01,"2020",666.0234625,1,TRUE,6
"696",2020-06-02,"2020",640.92705,2,TRUE,6
"697",2020-06-03,"2020",615.8306375,3,TRUE,6
"698",2020-06-04,"2020",590.734225,4,TRUE,6
"699",2020-06-05,"2020",565.6378125,5,TRUE,6
"700",2020-06-06,"2020",540.5414,6,FALSE,6
"701",2020-06-07,"2020",532.8193375,7,TRUE,6
"702",2020-06-08,"2020",525.097275,8,TRUE,6
"703",2020-06-09,"2020",517.3752125,9,TRUE,6
"704",2020-06-10,"2020",509.65315,10,TRUE,6
"705",2020-06-11,"2020",501.9310875,11,TRUE,6
"706",2020-06-12,"2020",494.209025,12,TRUE,6
"707",2020-06-13,"2020",486.4869625,13,TRUE,6
"708",2020-06-14,"2020",478.7649,14,FALSE,6
"709",2020-06-15,"2020",468.468933333333,15,TRUE,6
"710",2020-06-16,"2020",458.172966666667,16,TRUE,6
"711",2020-06-17,"2020",447.877,17,TRUE,6
"712",2020-06-18,"2020",437.581033333333,18,TRUE,6
"713",2020-06-19,"2020",427.285066666667,19,TRUE,6
"714",2020-06-20,"2020",416.9891,20,TRUE,6
"715",2020-06-21,"2020",406.693133333333,21,TRUE,6
"716",2020-06-22,"2020",396.397166666667,22,TRUE,6
"717",2020-06-23,"2020",386.1012,23,TRUE,6
"718",2020-06-24,"2020",375.805233333333,24,TRUE,6
"719",2020-06-25,"2020",365.509266666667,25,TRUE,6
"720",2020-06-26,"2020",355.2133,26,FALSE,6
"721",2020-06-27,"2020",352.405209090909,27,TRUE,6
"722",2020-06-28,"2020",349.597118181818,28,TRUE,6
"723",2020-06-29,"2020",346.789027272727,29,TRUE,6
"724",2020-06-30,"2020",343.980936363636,30,TRUE,6
"725",2020-07-01,"2020",341.172845454545,1,TRUE,7
"726",2020-07-02,"2020",338.364754545455,2,TRUE,7
"727",2020-07-03,"2020",335.556663636364,3,TRUE,7
"728",2020-07-04,"2020",332.748572727273,4,TRUE,7
"729",2020-07-05,"2020",329.940481818182,5,TRUE,7
"730",2020-07-06,"2020",327.132390909091,6,TRUE,7
"731",2020-07-07,"2020",324.3243,7,FALSE,7
"732",2020-07-08,"2020",322.77999,8,TRUE,7
"733",2020-07-09,"2020",321.23568,9,TRUE,7
"734",2020-07-10,"2020",319.69137,10,TRUE,7
"735",2020-07-11,"2020",318.14706,11,TRUE,7
"736",2020-07-12,"2020",316.60275,12,TRUE,7
"737",2020-07-13,"2020",315.05844,13,TRUE,7
"738",2020-07-14,"2020",313.51413,14,TRUE,7
"739",2020-07-15,"2020",311.96982,15,TRUE,7
"740",2020-07-16,"2020",310.42551,16,TRUE,7
"741",2020-07-17,"2020",308.8812,17,FALSE,7
"742",2020-07-18,"2020",297.849628571429,18,TRUE,7
"743",2020-07-19,"2020",286.818057142857,19,TRUE,7
"744",2020-07-20,"2020",275.786485714286,20,TRUE,7
"745",2020-07-21,"2020",264.754914285714,21,TRUE,7
"746",2020-07-22,"2020",253.723342857143,22,TRUE,7
"747",2020-07-23,"2020",242.691771428571,23,TRUE,7
"748",2020-07-24,"2020",231.6602,24,FALSE,7
"749",2020-07-25,"2020",233.376255555556,25,TRUE,7
"750",2020-07-26,"2020",235.092311111111,26,TRUE,7
"751",2020-07-27,"2020",236.808366666667,27,TRUE,7
"752",2020-07-28,"2020",238.524422222222,28,TRUE,7
"753",2020-07-29,"2020",240.240477777778,29,TRUE,7
"754",2020-07-30,"2020",241.956533333333,30,TRUE,7
"755",2020-07-31,"2020",243.672588888889,31,TRUE,7
"756",2020-08-01,"2020",245.388644444444,1,TRUE,8
"757",2020-08-02,"2020",247.1047,2,FALSE,8
"758",2020-08-03,"2020",239.382683333333,3,TRUE,8
"759",2020-08-04,"2020",231.660666666667,4,TRUE,8
"760",2020-08-05,"2020",223.93865,5,TRUE,8
"761",2020-08-06,"2020",216.216633333333,6,TRUE,8
"762",2020-08-07,"2020",208.494616666667,7,TRUE,8
"763",2020-08-08,"2020",200.7726,8,FALSE,8
"764",2020-08-09,"2020",198.84205,9,TRUE,8
"765",2020-08-10,"2020",196.9115,10,TRUE,8
"766",2020-08-11,"2020",194.98095,11,TRUE,8
"767",2020-08-12,"2020",193.0504,12,TRUE,8
"768",2020-08-13,"2020",191.11985,13,TRUE,8
"769",2020-08-14,"2020",189.1893,14,TRUE,8
"770",2020-08-15,"2020",187.25875,15,TRUE,8
"771",2020-08-16,"2020",185.3282,16,FALSE,8
"772",2020-08-17,"2020",176.503185714286,17,TRUE,8
"773",2020-08-18,"2020",167.678171428571,18,TRUE,8
"774",2020-08-19,"2020",158.853157142857,19,TRUE,8
"775",2020-08-20,"2020",150.028142857143,20,TRUE,8
"776",2020-08-21,"2020",141.203128571429,21,TRUE,8
"777",2020-08-22,"2020",132.378114285714,22,TRUE,8
"778",2020-08-23,"2020",123.5531,23,FALSE,8
"779",2020-08-24,"2020",123.5531,24,TRUE,8
"780",2020-08-25,"2020",123.5531,25,TRUE,8
"781",2020-08-26,"2020",123.5531,26,TRUE,8
"782",2020-08-27,"2020",123.5531,27,TRUE,8
"783",2020-08-28,"2020",123.5531,28,FALSE,8
"784",2020-08-29,"2020",235.522075,29,TRUE,8
"785",2020-08-30,"2020",347.49105,30,TRUE,8
"786",2020-08-31,"2020",459.460025,31,TRUE,8
"787",2021-01-01,"2021",571.429,1,FALSE,1
"788",2021-01-02,"2021",612.612866666667,2,TRUE,1
"789",2021-01-03,"2021",653.796733333333,3,TRUE,1
"790",2021-01-04,"2021",694.9806,4,FALSE,1
"791",2021-01-05,"2021",741.31265,5,TRUE,1
"792",2021-01-06,"2021",787.6447,6,FALSE,1
"793",2021-01-07,"2021",782.497,7,TRUE,1
"794",2021-01-08,"2021",777.3493,8,TRUE,1
"795",2021-01-09,"2021",772.2016,9,FALSE,1
"796",2021-01-10,"2021",776.062375,10,TRUE,1
"797",2021-01-11,"2021",779.92315,11,TRUE,1
"798",2021-01-12,"2021",783.783925,12,TRUE,1
"799",2021-01-13,"2021",787.6447,13,FALSE,1
"800",2021-01-14,"2021",880.3088,14,TRUE,1
"801",2021-01-15,"2021",972.9729,15,FALSE,1
"802",2021-01-16,"2021",1013.12752,16,TRUE,1
"803",2021-01-17,"2021",1053.28214,17,TRUE,1
"804",2021-01-18,"2021",1093.43676,18,TRUE,1
"805",2021-01-19,"2021",1133.59138,19,TRUE,1
"806",2021-01-20,"2021",1173.746,20,FALSE,1
"807",2021-01-21,"2021",1312.742,21,FALSE,1
"808",2021-01-22,"2021",1343.63,22,TRUE,1
"809",2021-01-23,"2021",1374.518,23,TRUE,1
"810",2021-01-24,"2021",1405.406,24,FALSE,1
"811",2021-01-25,"2021",1528.957,25,FALSE,1
"812",2021-01-26,"2021",1559.846,26,FALSE,1
"813",2021-01-27,"2021",1590.7335,27,TRUE,1
"814",2021-01-28,"2021",1621.621,28,FALSE,1
"815",2021-01-29,"2021",1652.50933333333,29,TRUE,1
"816",2021-01-30,"2021",1683.39766666667,30,TRUE,1
"817",2021-01-31,"2021",1714.286,31,FALSE,1
"818",2021-02-01,"2021",1745.174,1,TRUE,2
"819",2021-02-02,"2021",1776.062,2,FALSE,2
"820",2021-02-03,"2021",1791.506,3,TRUE,2
"821",2021-02-04,"2021",1806.95,4,FALSE,2
"822",2021-02-05,"2021",1961.39,5,FALSE,2
"823",2021-02-06,"2021",2015.4445,6,TRUE,2
"824",2021-02-07,"2021",2069.499,7,FALSE,2
"825",2021-02-08,"2021",2177.6065,8,TRUE,2
"826",2021-02-09,"2021",2285.714,9,FALSE,2
"827",2021-02-10,"2021",2347.4905,10,TRUE,2
"828",2021-02-11,"2021",2409.267,11,FALSE,2
"829",2021-02-12,"2021",2478.765,12,TRUE,2
"830",2021-02-13,"2021",2548.263,13,FALSE,2
"831",2021-02-14,"2021",2522.523,14,TRUE,2
"832",2021-02-15,"2021",2496.783,15,TRUE,2
"833",2021-02-16,"2021",2471.043,16,FALSE,2
"834",2021-02-17,"2021",2393.823,17,TRUE,2
"835",2021-02-18,"2021",2316.603,18,FALSE,2
"836",2021-02-19,"2021",2187.903,19,TRUE,2
"837",2021-02-20,"2021",2059.203,20,TRUE,2
"838",2021-02-21,"2021",1930.503,21,FALSE,2
"839",2021-02-22,"2021",1899.615,22,TRUE,2
"840",2021-02-23,"2021",1868.727,23,TRUE,2
"841",2021-02-24,"2021",1837.839,24,FALSE,2
"842",2021-02-25,"2021",2054.054,25,FALSE,2
"843",2021-02-26,"2021",2146.718,26,TRUE,2
"844",2021-02-27,"2021",2239.382,27,FALSE,2
"845",2021-02-28,"2021",2259.97433333333,28,TRUE,2
"846",2021-03-01,"2021",2280.56666666667,1,TRUE,3
"847",2021-03-02,"2021",2301.159,2,FALSE,3
"848",2021-03-03,"2021",2254.827,3,TRUE,3
"849",2021-03-04,"2021",2208.495,4,TRUE,3
"850",2021-03-05,"2021",2162.163,5,TRUE,3
"851",2021-03-06,"2021",2115.831,6,FALSE,3
"852",2021-03-07,"2021",2043.75866666667,7,TRUE,3
"853",2021-03-08,"2021",1971.68633333333,8,TRUE,3
"854",2021-03-09,"2021",1899.614,9,FALSE,3
"855",2021-03-10,"2021",1880.309,10,TRUE,3
"856",2021-03-11,"2021",1861.004,11,TRUE,3
"857",2021-03-12,"2021",1841.699,12,TRUE,3
"858",2021-03-13,"2021",1822.394,13,FALSE,3
"859",2021-03-14,"2021",1810.0388,14,TRUE,3
"860",2021-03-15,"2021",1797.6836,15,TRUE,3
"861",2021-03-16,"2021",1785.3284,16,TRUE,3
"862",2021-03-17,"2021",1772.9732,17,TRUE,3
"863",2021-03-18,"2021",1760.618,18,FALSE,3
"864",2021-03-19,"2021",1703.99,19,TRUE,3
"865",2021-03-20,"2021",1647.362,20,TRUE,3
"866",2021-03-21,"2021",1590.734,21,FALSE,3
"867",2021-03-22,"2021",1575.28975,22,TRUE,3
"868",2021-03-23,"2021",1559.8455,23,TRUE,3
"869",2021-03-24,"2021",1544.40125,24,TRUE,3
"870",2021-03-25,"2021",1528.957,25,FALSE,3
"871",2021-03-26,"2021",1503.21733333333,26,TRUE,3
"872",2021-03-27,"2021",1477.47766666667,27,TRUE,3
"873",2021-03-28,"2021",1451.738,28,FALSE,3
"874",2021-03-29,"2021",1494.981,29,TRUE,3
"875",2021-03-30,"2021",1538.224,30,TRUE,3
"876",2021-03-31,"2021",1581.467,31,TRUE,3
"877",2021-04-01,"2021",1624.71,1,TRUE,4
"878",2021-04-02,"2021",1667.953,2,FALSE,4
"879",2021-04-03,"2021",1842.98533333333,3,TRUE,4
"880",2021-04-04,"2021",2018.01766666667,4,TRUE,4
"881",2021-04-05,"2021",2193.05,5,FALSE,4
"882",2021-04-06,"2021",2934.363,6,FALSE,4
"883",2021-04-07,"2021",3150.5795,7,TRUE,4
"884",2021-04-08,"2021",3366.796,8,FALSE,4
"885",2021-04-09,"2021",3374.518,9,TRUE,4
"886",2021-04-10,"2021",3382.24,10,FALSE,4
"887",2021-04-11,"2021",3266.4095,11,TRUE,4
"888",2021-04-12,"2021",3150.579,12,FALSE,4
"889",2021-04-13,"2021",2903.476,13,FALSE,4
"890",2021-04-14,"2021",2810.811,14,FALSE,4
"891",2021-04-15,"2021",2625.483,15,TRUE,4
"892",2021-04-16,"2021",2440.155,16,TRUE,4
"893",2021-04-17,"2021",2254.827,17,FALSE,4
"894",2021-04-18,"2021",2115.831,18,TRUE,4
"895",2021-04-19,"2021",1976.835,19,FALSE,4
"896",2021-04-20,"2021",1745.174,20,FALSE,4
"897",2021-04-21,"2021",1691.11975,21,TRUE,4
"898",2021-04-22,"2021",1637.0655,22,TRUE,4
"899",2021-04-23,"2021",1583.01125,23,TRUE,4
"900",2021-04-24,"2021",1528.957,24,FALSE,4
"901",2021-04-25,"2021",1428.5715,25,TRUE,4
"902",2021-04-26,"2021",1328.186,26,FALSE,4
"903",2021-04-27,"2021",1303.4754,27,TRUE,4
"904",2021-04-28,"2021",1278.7648,28,TRUE,4
"905",2021-04-29,"2021",1254.0542,29,TRUE,4
"906",2021-04-30,"2021",1229.3436,30,TRUE,4
"907",2021-05-01,"2021",1204.633,1,FALSE,5
"908",2021-05-02,"2021",1199.48516666667,2,TRUE,5
"909",2021-05-03,"2021",1194.33733333333,3,TRUE,5
"910",2021-05-04,"2021",1189.1895,4,TRUE,5
"911",2021-05-05,"2021",1184.04166666667,5,TRUE,5
"912",2021-05-06,"2021",1178.89383333333,6,TRUE,5
"913",2021-05-07,"2021",1173.746,7,FALSE,5
"914",2021-05-08,"2021",1173.746,8,TRUE,5
"915",2021-05-09,"2021",1173.746,9,TRUE,5
"916",2021-05-10,"2021",1173.746,10,FALSE,5
"917",2021-05-11,"2021",1137.70966666667,11,TRUE,5
"918",2021-05-12,"2021",1101.67333333333,12,TRUE,5
"919",2021-05-13,"2021",1065.637,13,FALSE,5
"920",2021-05-14,"2021",1027.02715,14,TRUE,5
"921",2021-05-15,"2021",988.4173,15,FALSE,5
"922",2021-05-16,"2021",983.269166666667,16,TRUE,5
"923",2021-05-17,"2021",978.121033333333,17,TRUE,5
"924",2021-05-18,"2021",972.9729,18,FALSE,5
"925",2021-05-19,"2021",922.780075,19,TRUE,5
"926",2021-05-20,"2021",872.58725,20,TRUE,5
"927",2021-05-21,"2021",822.394425,21,TRUE,5
"928",2021-05-22,"2021",772.2016,22,FALSE,5
"929",2021-05-23,"2021",760.6186,23,TRUE,5
"930",2021-05-24,"2021",749.0356,24,TRUE,5
"931",2021-05-25,"2021",737.4526,25,TRUE,5
"932",2021-05-26,"2021",725.8696,26,FALSE,5
"933",2021-05-27,"2021",719.6918,27,TRUE,5
"934",2021-05-28,"2021",713.514,28,TRUE,5
"935",2021-05-29,"2021",707.3362,29,TRUE,5
"936",2021-05-30,"2021",701.1584,30,TRUE,5
"937",2021-05-31,"2021",694.9806,31,FALSE,5
"938",2021-06-01,"2021",654.82636,1,TRUE,6
"939",2021-06-02,"2021",614.67212,2,TRUE,6
"940",2021-06-03,"2021",574.51788,3,TRUE,6
"941",2021-06-04,"2021",534.36364,4,TRUE,6
"942",2021-06-05,"2021",494.2094,5,FALSE,6
"943",2021-06-06,"2021",496.783233333333,6,TRUE,6
"944",2021-06-07,"2021",499.357066666667,7,TRUE,6
"945",2021-06-08,"2021",501.9309,8,TRUE,6
"946",2021-06-09,"2021",504.504733333333,9,TRUE,6
"947",2021-06-10,"2021",507.078566666667,10,TRUE,6
"948",2021-06-11,"2021",509.6524,11,FALSE,6
"949",2021-06-12,"2021",496.782483333333,12,TRUE,6
"950",2021-06-13,"2021",483.912566666667,13,TRUE,6
"951",2021-06-14,"2021",471.04265,14,TRUE,6
"952",2021-06-15,"2021",458.172733333333,15,TRUE,6
"953",2021-06-16,"2021",445.302816666667,16,TRUE,6
"954",2021-06-17,"2021",432.4329,17,FALSE,6
"955",2021-06-18,"2021",426.25538,18,TRUE,6
"956",2021-06-19,"2021",420.07786,19,TRUE,6
"957",2021-06-20,"2021",413.90034,20,TRUE,6
"958",2021-06-21,"2021",407.72282,21,TRUE,6
"959",2021-06-22,"2021",401.5453,22,FALSE,6
"960",2021-06-23,"2021",401.5453,23,TRUE,6
"961",2021-06-24,"2021",401.5453,24,TRUE,6
"962",2021-06-25,"2021",401.5453,25,TRUE,6
"963",2021-06-26,"2021",401.5453,26,TRUE,6
"964",2021-06-27,"2021",401.5453,27,FALSE,6
"965",2021-06-28,"2021",389.9623,28,TRUE,6
"966",2021-06-29,"2021",378.3793,29,TRUE,6
"967",2021-06-30,"2021",366.7963,30,TRUE,6
"968",2021-07-01,"2021",355.2133,1,FALSE,7
"969",2021-07-02,"2021",345.94688,2,TRUE,7
"970",2021-07-03,"2021",336.68046,3,TRUE,7
"971",2021-07-04,"2021",327.41404,4,TRUE,7
"972",2021-07-05,"2021",318.14762,5,TRUE,7
"973",2021-07-06,"2021",308.8812,6,FALSE,7
"974",2021-07-07,"2021",308.8812,7,TRUE,7
"975",2021-07-08,"2021",308.8812,8,TRUE,7
"976",2021-07-09,"2021",308.8812,9,TRUE,7
"977",2021-07-10,"2021",308.8812,10,TRUE,7
"978",2021-07-11,"2021",308.8812,11,TRUE,7
"979",2021-07-12,"2021",308.8812,12,TRUE,7
"980",2021-07-13,"2021",308.8812,13,FALSE,7
"981",2021-07-14,"2021",308.8812,14,TRUE,7
"982",2021-07-15,"2021",308.8812,15,TRUE,7
"983",2021-07-16,"2021",308.8812,16,FALSE,7
"984",2021-07-17,"2021",305.020075,17,TRUE,7
"985",2021-07-18,"2021",301.15895,18,TRUE,7
"986",2021-07-19,"2021",297.297825,19,TRUE,7
"987",2021-07-20,"2021",293.4367,20,FALSE,7
"988",2021-07-21,"2021",286.817842857143,21,TRUE,7
"989",2021-07-22,"2021",280.198985714286,22,TRUE,7
"990",2021-07-23,"2021",273.580128571429,23,TRUE,7
"991",2021-07-24,"2021",266.961271428571,24,TRUE,7
"992",2021-07-25,"2021",260.342414285714,25,TRUE,7
"993",2021-07-26,"2021",253.723557142857,26,TRUE,7
"994",2021-07-27,"2021",247.1047,27,FALSE,7
"995",2021-07-28,"2021",244.898342857143,28,TRUE,7
"996",2021-07-29,"2021",242.691985714286,29,TRUE,7
"997",2021-07-30,"2021",240.485628571429,30,TRUE,7
"998",2021-07-31,"2021",238.279271428571,31,TRUE,7
"999",2021-08-01,"2021",236.072914285714,1,TRUE,8
"1000",2021-08-02,"2021",233.866557142857,2,TRUE,8
"1001",2021-08-03,"2021",231.6602,3,FALSE,8
"1002",2021-08-04,"2021",225.48268,4,TRUE,8
"1003",2021-08-05,"2021",219.30516,5,TRUE,8
"1004",2021-08-06,"2021",213.12764,6,TRUE,8
"1005",2021-08-07,"2021",206.95012,7,TRUE,8
"1006",2021-08-08,"2021",200.7726,8,FALSE,8
"1007",2021-08-09,"2021",200.7726,9,TRUE,8
"1008",2021-08-10,"2021",200.7726,10,TRUE,8
"1009",2021-08-11,"2021",200.7726,11,TRUE,8
"1010",2021-08-12,"2021",200.7726,12,TRUE,8
"1011",2021-08-13,"2021",200.7726,13,TRUE,8
"1012",2021-08-14,"2021",200.7726,14,FALSE,8
"1013",2021-08-15,"2021",198.566257142857,15,TRUE,8
"1014",2021-08-16,"2021",196.359914285714,16,TRUE,8
"1015",2021-08-17,"2021",194.153571428571,17,TRUE,8
"1016",2021-08-18,"2021",191.947228571429,18,TRUE,8
"1017",2021-08-19,"2021",189.740885714286,19,TRUE,8
"1018",2021-08-20,"2021",187.534542857143,20,TRUE,8
"1019",2021-08-21,"2021",185.3282,21,FALSE,8
"1020",2021-08-22,"2021",180.180266666667,22,TRUE,8
"1021",2021-08-23,"2021",175.032333333333,23,TRUE,8
"1022",2021-08-24,"2021",169.8844,24,TRUE,8
"1023",2021-08-25,"2021",164.736466666667,25,TRUE,8
"1024",2021-08-26,"2021",159.588533333333,26,TRUE,8
"1025",2021-08-27,"2021",154.4406,27,FALSE,8
"1026",2021-08-28,"2021",154.4406,28,TRUE,8
"1027",2021-08-29,"2021",154.4406,29,FALSE,8
"1028",2021-08-30,"2021",211.0685,30,TRUE,8
"1029",2021-08-31,"2021",267.6964,31,TRUE,8
"1030",2022-01-01,"2022",324.3243,1,FALSE,1
"1031",2022-01-02,"2022",328.185425,2,TRUE,1
"1032",2022-01-03,"2022",332.04655,3,TRUE,1
"1033",2022-01-04,"2022",335.907675,4,TRUE,1
"1034",2022-01-05,"2022",339.7688,5,FALSE,1
"1035",2022-01-06,"2022",358.30162,6,TRUE,1
"1036",2022-01-07,"2022",376.83444,7,TRUE,1
"1037",2022-01-08,"2022",395.36726,8,TRUE,1
"1038",2022-01-09,"2022",413.90008,9,TRUE,1
"1039",2022-01-10,"2022",432.4329,10,FALSE,1
"1040",2022-01-11,"2022",447.8768,11,TRUE,1
"1041",2022-01-12,"2022",463.3207,12,TRUE,1
"1042",2022-01-13,"2022",478.7646,13,TRUE,1
"1043",2022-01-14,"2022",494.2085,14,TRUE,1
"1044",2022-01-15,"2022",509.6524,15,FALSE,1
"1045",2022-01-16,"2022",540.54054,16,TRUE,1
"1046",2022-01-17,"2022",571.42868,17,TRUE,1
"1047",2022-01-18,"2022",602.31682,18,TRUE,1
"1048",2022-01-19,"2022",633.20496,19,TRUE,1
"1049",2022-01-20,"2022",664.0931,20,FALSE,1
"1050",2022-01-21,"2022",691.120225,21,TRUE,1
"1051",2022-01-22,"2022",718.14735,22,TRUE,1
"1052",2022-01-23,"2022",745.174475,23,TRUE,1
"1053",2022-01-24,"2022",772.2016,24,FALSE,1
"1054",2022-01-25,"2022",776.062375,25,TRUE,1
"1055",2022-01-26,"2022",779.92315,26,TRUE,1
"1056",2022-01-27,"2022",783.783925,27,TRUE,1
"1057",2022-01-28,"2022",787.6447,28,FALSE,1
"1058",2022-01-29,"2022",787.6447,29,TRUE,1
"1059",2022-01-30,"2022",787.6447,30,TRUE,1
"1060",2022-01-31,"2022",787.6447,31,TRUE,1
"1061",2022-02-01,"2022",787.6447,1,FALSE,2
"1062",2022-02-02,"2022",787.6447,2,TRUE,2
"1063",2022-02-03,"2022",787.6447,3,TRUE,2
"1064",2022-02-04,"2022",787.6447,4,TRUE,2
"1065",2022-02-05,"2022",787.6447,5,TRUE,2
"1066",2022-02-06,"2022",787.6447,6,TRUE,2
"1067",2022-02-07,"2022",787.6447,7,FALSE,2
"1068",2022-02-08,"2022",823.6809,8,TRUE,2
"1069",2022-02-09,"2022",859.7171,9,TRUE,2
"1070",2022-02-10,"2022",895.7533,10,FALSE,2
"1071",2022-02-11,"2022",926.6413,11,TRUE,2
"1072",2022-02-12,"2022",957.5293,12,TRUE,2
"1073",2022-02-13,"2022",988.4173,13,FALSE,2
"1074",2022-02-14,"2022",1073.35915,14,TRUE,2
"1075",2022-02-15,"2022",1158.301,15,FALSE,2
"1076",2022-02-16,"2022",1173.74525,16,TRUE,2
"1077",2022-02-17,"2022",1189.1895,17,TRUE,2
"1078",2022-02-18,"2022",1204.63375,18,TRUE,2
"1079",2022-02-19,"2022",1220.078,19,FALSE,2
"1080",2022-02-20,"2022",1274.132,20,TRUE,2
"1081",2022-02-21,"2022",1328.186,21,FALSE,2
"1082",2022-02-22,"2022",1366.79575,22,TRUE,2
"1083",2022-02-23,"2022",1405.4055,23,TRUE,2
"1084",2022-02-24,"2022",1444.01525,24,TRUE,2
"1085",2022-02-25,"2022",1482.625,25,FALSE,2
"1086",2022-02-26,"2022",1637.066,26,FALSE,2
"1087",2022-02-27,"2022",1673.102,27,TRUE,2
"1088",2022-02-28,"2022",1709.138,28,TRUE,2
"1089",2022-03-01,"2022",1745.174,1,FALSE,3
"1090",2022-03-02,"2022",1787.645,2,TRUE,3
"1091",2022-03-03,"2022",1830.116,3,TRUE,3
"1092",2022-03-04,"2022",1872.587,4,TRUE,3
"1093",2022-03-05,"2022",1915.058,5,FALSE,3
"1094",2022-03-06,"2022",1899.614,6,TRUE,3
"1095",2022-03-07,"2022",1884.17,7,TRUE,3
"1096",2022-03-08,"2022",1868.726,8,TRUE,3
"1097",2022-03-09,"2022",1853.282,9,FALSE,3
"1098",2022-03-10,"2022",1791.506,10,TRUE,3
"1099",2022-03-11,"2022",1729.73,11,FALSE,3
"1100",2022-03-12,"2022",1698.8415,12,TRUE,3
"1101",2022-03-13,"2022",1667.953,13,FALSE,3
"1102",2022-03-14,"2022",1642.21333333333,14,TRUE,3
"1103",2022-03-15,"2022",1616.47366666667,15,TRUE,3
"1104",2022-03-16,"2022",1590.734,16,FALSE,3
"1105",2022-03-17,"2022",1637.066,17,TRUE,3
"1106",2022-03-18,"2022",1683.398,18,FALSE,3
"1107",2022-03-19,"2022",1714.286,19,TRUE,3
"1108",2022-03-20,"2022",1745.174,20,TRUE,3
"1109",2022-03-21,"2022",1776.062,21,FALSE,3
"1110",2022-03-22,"2022",1899.614,22,FALSE,3
"1111",2022-03-23,"2022",1953.668,23,TRUE,3
"1112",2022-03-24,"2022",2007.722,24,FALSE,3
"1113",2022-03-25,"2022",2054.054,25,FALSE,3
"1114",2022-03-26,"2022",2100.386,26,TRUE,3
"1115",2022-03-27,"2022",2146.718,27,TRUE,3
"1116",2022-03-28,"2022",2193.05,28,FALSE,3
"1117",2022-03-29,"2022",2301.1585,29,TRUE,3
"1118",2022-03-30,"2022",2409.267,30,FALSE,3
"1119",2022-03-31,"2022",2486.487,31,TRUE,3
"1120",2022-04-01,"2022",2563.707,1,FALSE,4
"1121",2022-04-02,"2022",2702.703,2,FALSE,4
"1122",2022-04-03,"2022",2826.255,3,FALSE,4
"1123",2022-04-04,"2022",2888.031,4,FALSE,4
"1124",2022-04-05,"2022",3027.027,5,FALSE,4
"1125",2022-04-06,"2022",2990.991,6,TRUE,4
"1126",2022-04-07,"2022",2954.955,7,TRUE,4
"1127",2022-04-08,"2022",2918.919,8,FALSE,4
"1128",2022-04-09,"2022",2849.421,9,TRUE,4
"1129",2022-04-10,"2022",2779.923,10,FALSE,4
"1130",2022-04-11,"2022",2671.815,11,FALSE,4
"1131",2022-04-12,"2022",2579.151,12,FALSE,4
"1132",2022-04-13,"2022",2486.487,13,FALSE,4
"1133",2022-04-14,"2022",2429.859,14,TRUE,4
"1134",2022-04-15,"2022",2373.231,15,TRUE,4
"1135",2022-04-16,"2022",2316.603,16,FALSE,4
"1136",2022-04-17,"2022",2280.567,17,TRUE,4
"1137",2022-04-18,"2022",2244.531,18,TRUE,4
"1138",2022-04-19,"2022",2208.495,19,FALSE,4
"1139",2022-04-20,"2022",2169.885,20,TRUE,4
"1140",2022-04-21,"2022",2131.275,21,FALSE,4
"1141",2022-04-22,"2022",2023.167,22,FALSE,4
"1142",2022-04-23,"2022",1976.835,23,FALSE,4
"1143",2022-04-24,"2022",1935.65066666667,24,TRUE,4
"1144",2022-04-25,"2022",1894.46633333333,25,TRUE,4
"1145",2022-04-26,"2022",1853.282,26,FALSE,4
"1146",2022-04-27,"2022",1791.506,27,TRUE,4
"1147",2022-04-28,"2022",1729.73,28,FALSE,4
"1148",2022-04-29,"2022",1652.51,29,FALSE,4
"1149",2022-04-30,"2022",1595.88166666667,30,TRUE,4
"1150",2022-05-01,"2022",1539.25333333333,1,TRUE,5
"1151",2022-05-02,"2022",1482.625,2,FALSE,5
"1152",2022-05-03,"2022",1389.961,3,FALSE,5
"1153",2022-05-04,"2022",1343.629,4,TRUE,5
"1154",2022-05-05,"2022",1297.297,5,TRUE,5
"1155",2022-05-06,"2022",1250.965,6,FALSE,5
"1156",2022-05-07,"2022",1214.92933333333,7,TRUE,5
"1157",2022-05-08,"2022",1178.89366666667,8,TRUE,5
"1158",2022-05-09,"2022",1142.858,9,FALSE,5
"1159",2022-05-10,"2022",1096.526,10,TRUE,5
"1160",2022-05-11,"2022",1050.194,11,FALSE,5
"1161",2022-05-12,"2022",1011.58345,12,TRUE,5
"1162",2022-05-13,"2022",972.9729,13,FALSE,5
"1163",2022-05-14,"2022",942.0853,14,TRUE,5
"1164",2022-05-15,"2022",911.1977,15,FALSE,5
"1165",2022-05-16,"2022",895.7537,16,TRUE,5
"1166",2022-05-17,"2022",880.3097,17,TRUE,5
"1167",2022-05-18,"2022",864.8657,18,FALSE,5
"1168",2022-05-19,"2022",833.97745,19,TRUE,5
"1169",2022-05-20,"2022",803.0892,20,TRUE,5
"1170",2022-05-21,"2022",772.20095,21,TRUE,5
"1171",2022-05-22,"2022",741.3127,22,FALSE,5
"1172",2022-05-23,"2022",720.720966666667,23,TRUE,5
"1173",2022-05-24,"2022",700.129233333333,24,TRUE,5
"1174",2022-05-25,"2022",679.5375,25,FALSE,5
"1175",2022-05-26,"2022",656.3715,26,TRUE,5
"1176",2022-05-27,"2022",633.2055,27,TRUE,5
"1177",2022-05-28,"2022",610.0395,28,TRUE,5
"1178",2022-05-29,"2022",586.8735,29,FALSE,5
"1179",2022-05-30,"2022",579.15125,30,TRUE,5
"1180",2022-05-31,"2022",571.429,31,TRUE,5
"1181",2022-06-01,"2022",563.70675,1,TRUE,6
"1182",2022-06-02,"2022",555.9845,2,FALSE,6
"1183",2022-06-03,"2022",548.2626,3,TRUE,6
"1184",2022-06-04,"2022",540.5407,4,TRUE,6
"1185",2022-06-05,"2022",532.8188,5,TRUE,6
"1186",2022-06-06,"2022",525.0969,6,FALSE,6
"1187",2022-06-07,"2022",513.5139,7,TRUE,6
"1188",2022-06-08,"2022",501.9309,8,TRUE,6
"1189",2022-06-09,"2022",490.3479,9,TRUE,6
"1190",2022-06-10,"2022",478.7649,10,FALSE,6
"1191",2022-06-11,"2022",463.320775,11,TRUE,6
"1192",2022-06-12,"2022",447.87665,12,TRUE,6
"1193",2022-06-13,"2022",432.432525,13,TRUE,6
"1194",2022-06-14,"2022",416.9884,14,FALSE,6
"1195",2022-06-15,"2022",413.89978,15,TRUE,6
"1196",2022-06-16,"2022",410.81116,16,TRUE,6
"1197",2022-06-17,"2022",407.72254,17,TRUE,6
"1198",2022-06-18,"2022",404.63392,18,TRUE,6
"1199",2022-06-19,"2022",401.5453,19,FALSE,6
"1200",2022-06-20,"2022",382.24005,20,TRUE,6
"1201",2022-06-21,"2022",362.9348,21,TRUE,6
"1202",2022-06-22,"2022",343.62955,22,TRUE,6
"1203",2022-06-23,"2022",324.3243,23,FALSE,6
"1204",2022-06-24,"2022",321.23568,24,TRUE,6
"1205",2022-06-25,"2022",318.14706,25,TRUE,6
"1206",2022-06-26,"2022",315.05844,26,TRUE,6
"1207",2022-06-27,"2022",311.96982,27,TRUE,6
"1208",2022-06-28,"2022",308.8812,28,FALSE,6
"1209",2022-06-29,"2022",308.8812,29,TRUE,6
"1210",2022-06-30,"2022",308.8812,30,TRUE,6
"1211",2022-07-01,"2022",308.8812,1,TRUE,7
"1212",2022-07-02,"2022",308.8812,2,TRUE,7
"1213",2022-07-03,"2022",308.8812,3,FALSE,7
"1214",2022-07-04,"2022",308.8812,4,TRUE,7
"1215",2022-07-05,"2022",308.8812,5,TRUE,7
"1216",2022-07-06,"2022",308.8812,6,TRUE,7
"1217",2022-07-07,"2022",308.8812,7,TRUE,7
"1218",2022-07-08,"2022",308.8812,8,TRUE,7
"1219",2022-07-09,"2022",308.8812,9,FALSE,7
"1220",2022-07-10,"2022",305.020075,10,TRUE,7
"1221",2022-07-11,"2022",301.15895,11,TRUE,7
"1222",2022-07-12,"2022",297.297825,12,TRUE,7
"1223",2022-07-13,"2022",293.4367,13,FALSE,7
"1224",2022-07-14,"2022",277.992575,14,TRUE,7
"1225",2022-07-15,"2022",262.54845,15,TRUE,7
"1226",2022-07-16,"2022",247.104325,16,TRUE,7
"1227",2022-07-17,"2022",231.6602,17,FALSE,7
"1228",2022-07-18,"2022",225.48268,18,TRUE,7
"1229",2022-07-19,"2022",219.30516,19,TRUE,7
"1230",2022-07-20,"2022",213.12764,20,TRUE,7
"1231",2022-07-21,"2022",206.95012,21,TRUE,7
"1232",2022-07-22,"2022",200.7726,22,FALSE,7
"1233",2022-07-23,"2022",200.7726,23,TRUE,7
"1234",2022-07-24,"2022",200.7726,24,TRUE,7
"1235",2022-07-25,"2022",200.7726,25,TRUE,7
"1236",2022-07-26,"2022",200.7726,26,TRUE,7
"1237",2022-07-27,"2022",200.7726,27,TRUE,7
"1238",2022-07-28,"2022",200.7726,28,TRUE,7
"1239",2022-07-29,"2022",200.7726,29,FALSE,7
"1240",2022-07-30,"2022",193.050725,30,TRUE,7
"1241",2022-07-31,"2022",185.32885,31,TRUE,7
"1242",2022-08-01,"2022",177.606975,1,TRUE,8
"1243",2022-08-02,"2022",169.8851,2,FALSE,8
"1244",2022-08-03,"2022",169.8851,3,TRUE,8
"1245",2022-08-04,"2022",169.8851,4,TRUE,8
"1246",2022-08-05,"2022",169.8851,5,TRUE,8
"1247",2022-08-06,"2022",169.8851,6,FALSE,8
"1248",2022-08-07,"2022",169.8851,7,TRUE,8
"1249",2022-08-08,"2022",169.8851,8,TRUE,8
"1250",2022-08-09,"2022",169.8851,9,TRUE,8
"1251",2022-08-10,"2022",169.8851,10,TRUE,8
"1252",2022-08-11,"2022",169.8851,11,FALSE,8
"1253",2022-08-12,"2022",163.7073,12,TRUE,8
"1254",2022-08-13,"2022",157.5295,13,TRUE,8
"1255",2022-08-14,"2022",151.3517,14,TRUE,8
"1256",2022-08-15,"2022",145.1739,15,TRUE,8
"1257",2022-08-16,"2022",138.9961,16,FALSE,8
"1258",2022-08-17,"2022",132.8186,17,TRUE,8
"1259",2022-08-18,"2022",126.6411,18,TRUE,8
"1260",2022-08-19,"2022",120.4636,19,TRUE,8
"1261",2022-08-20,"2022",114.2861,20,TRUE,8
"1262",2022-08-21,"2022",108.1086,21,FALSE,8
"1263",2022-08-22,"2022",108.1086,22,TRUE,8
"1264",2022-08-23,"2022",108.1086,23,TRUE,8
"1265",2022-08-24,"2022",108.1086,24,TRUE,8
"1266",2022-08-25,"2022",108.1086,25,TRUE,8
"1267",2022-08-26,"2022",108.1086,26,TRUE,8
"1268",2022-08-27,"2022",108.1086,27,TRUE,8
"1269",2022-08-28,"2022",108.1086,28,FALSE,8
"1270",2022-08-29,"2022",97.8127366666667,29,TRUE,8
"1271",2022-08-30,"2022",87.5168733333333,30,TRUE,8
"1272",2022-08-31,"2022",77.22101,31,FALSE,8
"1273",2023-01-01,"2023",41.69884,1,FALSE,1
"1274",2023-01-02,"2023",52.50969,2,FALSE,1
"1275",2023-01-03,"2023",54.826295,3,TRUE,1
"1276",2023-01-04,"2023",57.1429,4,FALSE,1
"1277",2023-01-05,"2023",58.6873,5,TRUE,1
"1278",2023-01-06,"2023",60.2317,6,TRUE,1
"1279",2023-01-07,"2023",61.7761,7,FALSE,1
"1280",2023-01-08,"2023",61.7761,8,TRUE,1
"1281",2023-01-09,"2023",61.7761,9,FALSE,1
"1282",2023-01-10,"2023",61.7761,10,TRUE,1
"1283",2023-01-11,"2023",61.7761,11,FALSE,1
"1284",2023-01-12,"2023",64.092705,12,TRUE,1
"1285",2023-01-13,"2023",66.40931,13,FALSE,1
"1286",2023-01-14,"2023",75.67571,14,FALSE,1
"1287",2023-01-15,"2023",79.27933,15,TRUE,1
"1288",2023-01-16,"2023",82.88295,16,TRUE,1
"1289",2023-01-17,"2023",86.48657,17,FALSE,1
"1290",2023-01-18,"2023",98.84173,18,FALSE,1
"1291",2023-01-19,"2023",106.5637,19,FALSE,1
