"","dates","year","kat_heigt","day","kat_interpolated","month"
"1",2018-01-01,"2018",1.226157341,1,TRUE,1
"2",2018-01-02,"2018",1.226157341,2,TRUE,1
"3",2018-01-03,"2018",1.226157341,3,TRUE,1
"4",2018-01-04,"2018",1.226157341,4,TRUE,1
"5",2018-01-05,"2018",1.226157341,5,TRUE,1
"6",2018-01-06,"2018",1.226157341,6,TRUE,1
"7",2018-01-07,"2018",1.226157341,7,TRUE,1
"8",2018-01-08,"2018",1.226157341,8,TRUE,1
"9",2018-01-09,"2018",1.226157341,9,TRUE,1
"10",2018-01-10,"2018",1.226157341,10,TRUE,1
"11",2018-01-11,"2018",1.226157341,11,TRUE,1
"12",2018-01-12,"2018",1.226157341,12,FALSE,1
"13",2018-01-13,"2018",1.25842469852632,13,TRUE,1
"14",2018-01-14,"2018",1.29069205605263,14,TRUE,1
"15",2018-01-15,"2018",1.32295941357895,15,TRUE,1
"16",2018-01-16,"2018",1.35522677110526,16,TRUE,1
"17",2018-01-17,"2018",1.38749412863158,17,TRUE,1
"18",2018-01-18,"2018",1.41976148615789,18,TRUE,1
"19",2018-01-19,"2018",1.45202884368421,19,TRUE,1
"20",2018-01-20,"2018",1.48429620121053,20,TRUE,1
"21",2018-01-21,"2018",1.51656355873684,21,TRUE,1
"22",2018-01-22,"2018",1.54883091626316,22,TRUE,1
"23",2018-01-23,"2018",1.58109827378947,23,TRUE,1
"24",2018-01-24,"2018",1.61336563131579,24,TRUE,1
"25",2018-01-25,"2018",1.64563298884211,25,TRUE,1
"26",2018-01-26,"2018",1.67790034636842,26,TRUE,1
"27",2018-01-27,"2018",1.71016770389474,27,TRUE,1
"28",2018-01-28,"2018",1.74243506142105,28,TRUE,1
"29",2018-01-29,"2018",1.77470241894737,29,TRUE,1
"30",2018-01-30,"2018",1.80696977647368,30,TRUE,1
"31",2018-01-31,"2018",1.839237134,31,FALSE,1
"32",2018-02-01,"2018",1.95095367666667,1,TRUE,2
"33",2018-02-02,"2018",2.06267021933333,2,TRUE,2
"34",2018-02-03,"2018",2.174386762,3,TRUE,2
"35",2018-02-04,"2018",2.28610330466667,4,TRUE,2
"36",2018-02-05,"2018",2.39781984733333,5,TRUE,2
"37",2018-02-06,"2018",2.50953639,6,TRUE,2
"38",2018-02-07,"2018",2.62125293266667,7,TRUE,2
"39",2018-02-08,"2018",2.73296947533333,8,TRUE,2
"40",2018-02-09,"2018",2.844686018,9,FALSE,2
"41",2018-02-10,"2018",3.0163481505,10,TRUE,2
"42",2018-02-11,"2018",3.188010283,11,TRUE,2
"43",2018-02-12,"2018",3.3596724155,12,TRUE,2
"44",2018-02-13,"2018",3.531334548,13,TRUE,2
"45",2018-02-14,"2018",3.7029966805,14,TRUE,2
"46",2018-02-15,"2018",3.874658813,15,FALSE,2
"47",2018-02-16,"2018",3.91144355575,16,TRUE,2
"48",2018-02-17,"2018",3.9482282985,17,TRUE,2
"49",2018-02-18,"2018",3.98501304125,18,TRUE,2
"50",2018-02-19,"2018",4.021797784,19,TRUE,2
"51",2018-02-20,"2018",4.05858252675,20,TRUE,2
"52",2018-02-21,"2018",4.0953672695,21,TRUE,2
"53",2018-02-22,"2018",4.13215201225,22,TRUE,2
"54",2018-02-23,"2018",4.168936755,23,FALSE,2
"55",2018-02-24,"2018",4.29601132054545,24,TRUE,2
"56",2018-02-25,"2018",4.42308588609091,25,TRUE,2
"57",2018-02-26,"2018",4.55016045163636,26,TRUE,2
"58",2018-02-27,"2018",4.67723501718182,27,TRUE,2
"59",2018-02-28,"2018",4.80430958272727,28,TRUE,2
"60",2018-03-01,"2018",4.93138414827273,1,TRUE,3
"61",2018-03-02,"2018",5.05845871381818,2,TRUE,3
"62",2018-03-03,"2018",5.18553327936364,3,TRUE,3
"63",2018-03-04,"2018",5.31260784490909,4,TRUE,3
"64",2018-03-05,"2018",5.43968241045455,5,TRUE,3
"65",2018-03-06,"2018",5.566756976,6,FALSE,3
"66",2018-03-07,"2018",5.5871930065,7,TRUE,3
"67",2018-03-08,"2018",5.607629037,8,TRUE,3
"68",2018-03-09,"2018",5.6280650675,9,TRUE,3
"69",2018-03-10,"2018",5.648501098,10,TRUE,3
"70",2018-03-11,"2018",5.6689371285,11,TRUE,3
"71",2018-03-12,"2018",5.689373159,12,TRUE,3
"72",2018-03-13,"2018",5.7098091895,13,TRUE,3
"73",2018-03-14,"2018",5.73024522,14,TRUE,3
"74",2018-03-15,"2018",5.7506812505,15,TRUE,3
"75",2018-03-16,"2018",5.771117281,16,TRUE,3
"76",2018-03-17,"2018",5.7915533115,17,TRUE,3
"77",2018-03-18,"2018",5.811989342,18,FALSE,3
"78",2018-03-19,"2018",5.83832900659259,19,TRUE,3
"79",2018-03-20,"2018",5.86466867118519,20,TRUE,3
"80",2018-03-21,"2018",5.89100833577778,21,TRUE,3
"81",2018-03-22,"2018",5.91734800037037,22,TRUE,3
"82",2018-03-23,"2018",5.94368766496296,23,TRUE,3
"83",2018-03-24,"2018",5.97002732955556,24,TRUE,3
"84",2018-03-25,"2018",5.99636699414815,25,TRUE,3
"85",2018-03-26,"2018",6.02270665874074,26,TRUE,3
"86",2018-03-27,"2018",6.04904632333333,27,TRUE,3
"87",2018-03-28,"2018",6.07538598792593,28,TRUE,3
"88",2018-03-29,"2018",6.10172565251852,29,TRUE,3
"89",2018-03-30,"2018",6.12806531711111,30,TRUE,3
"90",2018-03-31,"2018",6.1544049817037,31,TRUE,3
"91",2018-04-01,"2018",6.1807446462963,1,TRUE,4
"92",2018-04-02,"2018",6.20708431088889,2,TRUE,4
"93",2018-04-03,"2018",6.23342397548148,3,TRUE,4
"94",2018-04-04,"2018",6.25976364007407,4,TRUE,4
"95",2018-04-05,"2018",6.28610330466667,5,TRUE,4
"96",2018-04-06,"2018",6.31244296925926,6,TRUE,4
"97",2018-04-07,"2018",6.33878263385185,7,TRUE,4
"98",2018-04-08,"2018",6.36512229844444,8,TRUE,4
"99",2018-04-09,"2018",6.39146196303704,9,TRUE,4
"100",2018-04-10,"2018",6.41780162762963,10,TRUE,4
"101",2018-04-11,"2018",6.44414129222222,11,TRUE,4
"102",2018-04-12,"2018",6.47048095681482,12,TRUE,4
"103",2018-04-13,"2018",6.49682062140741,13,TRUE,4
"104",2018-04-14,"2018",6.523160286,14,FALSE,4
"105",2018-04-15,"2018",6.54666166495833,15,TRUE,4
"106",2018-04-16,"2018",6.57016304391667,16,TRUE,4
"107",2018-04-17,"2018",6.593664422875,17,TRUE,4
"108",2018-04-18,"2018",6.61716580183333,18,TRUE,4
"109",2018-04-19,"2018",6.64066718079167,19,TRUE,4
"110",2018-04-20,"2018",6.66416855975,20,TRUE,4
"111",2018-04-21,"2018",6.68766993870833,21,TRUE,4
"112",2018-04-22,"2018",6.71117131766667,22,TRUE,4
"113",2018-04-23,"2018",6.734672696625,23,TRUE,4
"114",2018-04-24,"2018",6.75817407558333,24,TRUE,4
"115",2018-04-25,"2018",6.78167545454167,25,TRUE,4
"116",2018-04-26,"2018",6.8051768335,26,TRUE,4
"117",2018-04-27,"2018",6.82867821245833,27,TRUE,4
"118",2018-04-28,"2018",6.85217959141667,28,TRUE,4
"119",2018-04-29,"2018",6.875680970375,29,TRUE,4
"120",2018-04-30,"2018",6.89918234933333,30,TRUE,4
"121",2018-05-01,"2018",6.92268372829167,1,TRUE,5
"122",2018-05-02,"2018",6.94618510725,2,TRUE,5
"123",2018-05-03,"2018",6.96968648620833,3,TRUE,5
"124",2018-05-04,"2018",6.99318786516667,4,TRUE,5
"125",2018-05-05,"2018",7.016689244125,5,TRUE,5
"126",2018-05-06,"2018",7.04019062308333,6,TRUE,5
"127",2018-05-07,"2018",7.06369200204167,7,TRUE,5
"128",2018-05-08,"2018",7.087193381,8,FALSE,5
"129",2018-05-09,"2018",7.050408638375,9,TRUE,5
"130",2018-05-10,"2018",7.01362389575,10,TRUE,5
"131",2018-05-11,"2018",6.976839153125,11,TRUE,5
"132",2018-05-12,"2018",6.9400544105,12,TRUE,5
"133",2018-05-13,"2018",6.903269667875,13,TRUE,5
"134",2018-05-14,"2018",6.86648492525,14,TRUE,5
"135",2018-05-15,"2018",6.829700182625,15,TRUE,5
"136",2018-05-16,"2018",6.79291544,16,FALSE,5
"137",2018-05-17,"2018",6.7119890061,17,TRUE,5
"138",2018-05-18,"2018",6.6310625722,18,TRUE,5
"139",2018-05-19,"2018",6.5501361383,19,TRUE,5
"140",2018-05-20,"2018",6.4692097044,20,TRUE,5
"141",2018-05-21,"2018",6.3882832705,21,TRUE,5
"142",2018-05-22,"2018",6.3073568366,22,TRUE,5
"143",2018-05-23,"2018",6.2264304027,23,TRUE,5
"144",2018-05-24,"2018",6.1455039688,24,TRUE,5
"145",2018-05-25,"2018",6.0645775349,25,TRUE,5
"146",2018-05-26,"2018",5.983651101,26,FALSE,5
"147",2018-05-27,"2018",5.89121767384615,27,TRUE,5
"148",2018-05-28,"2018",5.79878424669231,28,TRUE,5
"149",2018-05-29,"2018",5.70635081953846,29,TRUE,5
"150",2018-05-30,"2018",5.61391739238462,30,TRUE,5
"151",2018-05-31,"2018",5.52148396523077,31,TRUE,5
"152",2018-06-01,"2018",5.42905053807692,1,TRUE,6
"153",2018-06-02,"2018",5.33661711092308,2,TRUE,6
"154",2018-06-03,"2018",5.24418368376923,3,TRUE,6
"155",2018-06-04,"2018",5.15175025661538,4,TRUE,6
"156",2018-06-05,"2018",5.05931682946154,5,TRUE,6
"157",2018-06-06,"2018",4.96688340230769,6,TRUE,6
"158",2018-06-07,"2018",4.87444997515385,7,TRUE,6
"159",2018-06-08,"2018",4.782016548,8,FALSE,6
"160",2018-06-09,"2018",4.67574945116667,9,TRUE,6
"161",2018-06-10,"2018",4.56948235433333,10,TRUE,6
"162",2018-06-11,"2018",4.4632152575,11,TRUE,6
"163",2018-06-12,"2018",4.35694816066667,12,TRUE,6
"164",2018-06-13,"2018",4.25068106383333,13,TRUE,6
"165",2018-06-14,"2018",4.144413967,14,FALSE,6
"166",2018-06-15,"2018",4.06033455514286,15,TRUE,6
"167",2018-06-16,"2018",3.97625514328571,16,TRUE,6
"168",2018-06-17,"2018",3.89217573142857,17,TRUE,6
"169",2018-06-18,"2018",3.80809631957143,18,TRUE,6
"170",2018-06-19,"2018",3.72401690771429,19,TRUE,6
"171",2018-06-20,"2018",3.63993749585714,20,TRUE,6
"172",2018-06-21,"2018",3.555858084,21,FALSE,6
"173",2018-06-22,"2018",3.50068097,22,TRUE,6
"174",2018-06-23,"2018",3.445503856,23,TRUE,6
"175",2018-06-24,"2018",3.390326742,24,TRUE,6
"176",2018-06-25,"2018",3.335149628,25,TRUE,6
"177",2018-06-26,"2018",3.279972514,26,TRUE,6
"178",2018-06-27,"2018",3.2247954,27,TRUE,6
"179",2018-06-28,"2018",3.169618286,28,TRUE,6
"180",2018-06-29,"2018",3.114441172,29,TRUE,6
"181",2018-06-30,"2018",3.059264058,30,TRUE,6
"182",2018-07-01,"2018",3.004086944,1,TRUE,7
"183",2018-07-02,"2018",2.94890983,2,TRUE,7
"184",2018-07-03,"2018",2.893732716,3,FALSE,7
"185",2018-07-04,"2018",2.84022753372727,4,TRUE,7
"186",2018-07-05,"2018",2.78672235145455,5,TRUE,7
"187",2018-07-06,"2018",2.73321716918182,6,TRUE,7
"188",2018-07-07,"2018",2.67971198690909,7,TRUE,7
"189",2018-07-08,"2018",2.62620680463636,8,TRUE,7
"190",2018-07-09,"2018",2.57270162236364,9,TRUE,7
"191",2018-07-10,"2018",2.51919644009091,10,TRUE,7
"192",2018-07-11,"2018",2.46569125781818,11,TRUE,7
"193",2018-07-12,"2018",2.41218607554545,12,TRUE,7
"194",2018-07-13,"2018",2.35868089327273,13,TRUE,7
"195",2018-07-14,"2018",2.305175711,14,FALSE,7
"196",2018-07-15,"2018",2.26138445757143,15,TRUE,7
"197",2018-07-16,"2018",2.21759320414286,16,TRUE,7
"198",2018-07-17,"2018",2.17380195071429,17,TRUE,7
"199",2018-07-18,"2018",2.13001069728571,18,TRUE,7
"200",2018-07-19,"2018",2.08621944385714,19,TRUE,7
"201",2018-07-20,"2018",2.04242819042857,20,TRUE,7
"202",2018-07-21,"2018",1.998636937,21,TRUE,7
"203",2018-07-22,"2018",1.95484568357143,22,TRUE,7
"204",2018-07-23,"2018",1.91105443014286,23,TRUE,7
"205",2018-07-24,"2018",1.86726317671429,24,TRUE,7
"206",2018-07-25,"2018",1.82347192328571,25,TRUE,7
"207",2018-07-26,"2018",1.77968066985714,26,TRUE,7
"208",2018-07-27,"2018",1.73588941642857,27,TRUE,7
"209",2018-07-28,"2018",1.692098163,28,FALSE,7
"210",2018-07-29,"2018",1.65691275696522,29,TRUE,7
"211",2018-07-30,"2018",1.62172735093043,30,TRUE,7
"212",2018-07-31,"2018",1.58654194489565,31,TRUE,7
"213",2018-08-01,"2018",1.55135653886087,1,TRUE,8
"214",2018-08-02,"2018",1.51617113282609,2,TRUE,8
"215",2018-08-03,"2018",1.4809857267913,3,TRUE,8
"216",2018-08-04,"2018",1.44580032075652,4,TRUE,8
"217",2018-08-05,"2018",1.41061491472174,5,TRUE,8
"218",2018-08-06,"2018",1.37542950868696,6,TRUE,8
"219",2018-08-07,"2018",1.34024410265217,7,TRUE,8
"220",2018-08-08,"2018",1.30505869661739,8,TRUE,8
"221",2018-08-09,"2018",1.26987329058261,9,TRUE,8
"222",2018-08-10,"2018",1.23468788454783,10,TRUE,8
"223",2018-08-11,"2018",1.19950247851304,11,TRUE,8
"224",2018-08-12,"2018",1.16431707247826,12,TRUE,8
"225",2018-08-13,"2018",1.12913166644348,13,TRUE,8
"226",2018-08-14,"2018",1.0939462604087,14,TRUE,8
"227",2018-08-15,"2018",1.05876085437391,15,TRUE,8
"228",2018-08-16,"2018",1.02357544833913,16,TRUE,8
"229",2018-08-17,"2018",0.988390042304348,17,TRUE,8
"230",2018-08-18,"2018",0.953204636269565,18,TRUE,8
"231",2018-08-19,"2018",0.918019230234783,19,TRUE,8
"232",2018-08-20,"2018",0.8828338242,20,FALSE,8
"233",2018-08-21,"2018",0.890237014611321,21,TRUE,8
"234",2018-08-22,"2018",0.897640205022642,22,TRUE,8
"235",2018-08-23,"2018",0.905043395433962,23,TRUE,8
"236",2018-08-24,"2018",0.912446585845283,24,TRUE,8
"237",2018-08-25,"2018",0.919849776256604,25,TRUE,8
"238",2018-08-26,"2018",0.927252966667925,26,TRUE,8
"239",2018-08-27,"2018",0.934656157079245,27,TRUE,8
"240",2018-08-28,"2018",0.942059347490566,28,TRUE,8
"241",2018-08-29,"2018",0.949462537901887,29,TRUE,8
"242",2018-08-30,"2018",0.956865728313208,30,TRUE,8
"243",2018-08-31,"2018",0.964268918724528,31,TRUE,8
"244",2019-01-01,"2019",0.971672109135849,1,TRUE,1
"245",2019-01-02,"2019",0.97907529954717,2,TRUE,1
"246",2019-01-03,"2019",0.986478489958491,3,TRUE,1
"247",2019-01-04,"2019",0.993881680369811,4,TRUE,1
"248",2019-01-05,"2019",1.00128487078113,5,TRUE,1
"249",2019-01-06,"2019",1.00868806119245,6,TRUE,1
"250",2019-01-07,"2019",1.01609125160377,7,TRUE,1
"251",2019-01-08,"2019",1.02349444201509,8,TRUE,1
"252",2019-01-09,"2019",1.03089763242642,9,TRUE,1
"253",2019-01-10,"2019",1.03830082283774,10,TRUE,1
"254",2019-01-11,"2019",1.04570401324906,11,TRUE,1
"255",2019-01-12,"2019",1.05310720366038,12,TRUE,1
"256",2019-01-13,"2019",1.0605103940717,13,TRUE,1
"257",2019-01-14,"2019",1.06791358448302,14,TRUE,1
"258",2019-01-15,"2019",1.07531677489434,15,TRUE,1
"259",2019-01-16,"2019",1.08271996530566,16,TRUE,1
"260",2019-01-17,"2019",1.09012315571698,17,TRUE,1
"261",2019-01-18,"2019",1.0975263461283,18,TRUE,1
"262",2019-01-19,"2019",1.10492953653962,19,TRUE,1
"263",2019-01-20,"2019",1.11233272695094,20,TRUE,1
"264",2019-01-21,"2019",1.11973591736226,21,TRUE,1
"265",2019-01-22,"2019",1.12713910777358,22,TRUE,1
"266",2019-01-23,"2019",1.13454229818491,23,TRUE,1
"267",2019-01-24,"2019",1.14194548859623,24,TRUE,1
"268",2019-01-25,"2019",1.14934867900755,25,TRUE,1
"269",2019-01-26,"2019",1.15675186941887,26,TRUE,1
"270",2019-01-27,"2019",1.16415505983019,27,TRUE,1
"271",2019-01-28,"2019",1.17155825024151,28,TRUE,1
"272",2019-01-29,"2019",1.17896144065283,29,TRUE,1
"273",2019-01-30,"2019",1.18636463106415,30,TRUE,1
"274",2019-01-31,"2019",1.19376782147547,31,TRUE,1
"275",2019-02-01,"2019",1.20117101188679,1,TRUE,2
"276",2019-02-02,"2019",1.20857420229811,2,TRUE,2
"277",2019-02-03,"2019",1.21597739270943,3,TRUE,2
"278",2019-02-04,"2019",1.22338058312075,4,TRUE,2
"279",2019-02-05,"2019",1.23078377353208,5,TRUE,2
"280",2019-02-06,"2019",1.2381869639434,6,TRUE,2
"281",2019-02-07,"2019",1.24559015435472,7,TRUE,2
"282",2019-02-08,"2019",1.25299334476604,8,TRUE,2
"283",2019-02-09,"2019",1.26039653517736,9,TRUE,2
"284",2019-02-10,"2019",1.26779972558868,10,TRUE,2
"285",2019-02-11,"2019",1.275202916,11,FALSE,2
"286",2019-02-12,"2019",1.290529938875,12,TRUE,2
"287",2019-02-13,"2019",1.30585696175,13,TRUE,2
"288",2019-02-14,"2019",1.321183984625,14,TRUE,2
"289",2019-02-15,"2019",1.3365110075,15,TRUE,2
"290",2019-02-16,"2019",1.351838030375,16,TRUE,2
"291",2019-02-17,"2019",1.36716505325,17,TRUE,2
"292",2019-02-18,"2019",1.382492076125,18,TRUE,2
"293",2019-02-19,"2019",1.397819099,19,TRUE,2
"294",2019-02-20,"2019",1.413146121875,20,TRUE,2
"295",2019-02-21,"2019",1.42847314475,21,TRUE,2
"296",2019-02-22,"2019",1.443800167625,22,TRUE,2
"297",2019-02-23,"2019",1.4591271905,23,TRUE,2
"298",2019-02-24,"2019",1.474454213375,24,TRUE,2
"299",2019-02-25,"2019",1.48978123625,25,TRUE,2
"300",2019-02-26,"2019",1.505108259125,26,TRUE,2
"301",2019-02-27,"2019",1.520435282,27,FALSE,2
"302",2019-02-28,"2019",1.53322997513043,28,TRUE,2
"303",2019-03-01,"2019",1.54602466826087,1,TRUE,3
"304",2019-03-02,"2019",1.5588193613913,2,TRUE,3
"305",2019-03-03,"2019",1.57161405452174,3,TRUE,3
"306",2019-03-04,"2019",1.58440874765217,4,TRUE,3
"307",2019-03-05,"2019",1.59720344078261,5,TRUE,3
"308",2019-03-06,"2019",1.60999813391304,6,TRUE,3
"309",2019-03-07,"2019",1.62279282704348,7,TRUE,3
"310",2019-03-08,"2019",1.63558752017391,8,TRUE,3
"311",2019-03-09,"2019",1.64838221330435,9,TRUE,3
"312",2019-03-10,"2019",1.66117690643478,10,TRUE,3
"313",2019-03-11,"2019",1.67397159956522,11,TRUE,3
"314",2019-03-12,"2019",1.68676629269565,12,TRUE,3
"315",2019-03-13,"2019",1.69956098582609,13,TRUE,3
"316",2019-03-14,"2019",1.71235567895652,14,TRUE,3
"317",2019-03-15,"2019",1.72515037208696,15,TRUE,3
"318",2019-03-16,"2019",1.73794506521739,16,TRUE,3
"319",2019-03-17,"2019",1.75073975834783,17,TRUE,3
"320",2019-03-18,"2019",1.76353445147826,18,TRUE,3
"321",2019-03-19,"2019",1.7763291446087,19,TRUE,3
"322",2019-03-20,"2019",1.78912383773913,20,TRUE,3
"323",2019-03-21,"2019",1.80191853086957,21,TRUE,3
"324",2019-03-22,"2019",1.814713224,22,FALSE,3
"325",2019-03-23,"2019",1.82765602461111,23,TRUE,3
"326",2019-03-24,"2019",1.84059882522222,24,TRUE,3
"327",2019-03-25,"2019",1.85354162583333,25,TRUE,3
"328",2019-03-26,"2019",1.86648442644444,26,TRUE,3
"329",2019-03-27,"2019",1.87942722705556,27,TRUE,3
"330",2019-03-28,"2019",1.89237002766667,28,TRUE,3
"331",2019-03-29,"2019",1.90531282827778,29,TRUE,3
"332",2019-03-30,"2019",1.91825562888889,30,TRUE,3
"333",2019-03-31,"2019",1.9311984295,31,TRUE,3
"334",2019-04-01,"2019",1.94414123011111,1,TRUE,4
"335",2019-04-02,"2019",1.95708403072222,2,TRUE,4
"336",2019-04-03,"2019",1.97002683133333,3,TRUE,4
"337",2019-04-04,"2019",1.98296963194444,4,TRUE,4
"338",2019-04-05,"2019",1.99591243255556,5,TRUE,4
"339",2019-04-06,"2019",2.00885523316667,6,TRUE,4
"340",2019-04-07,"2019",2.02179803377778,7,TRUE,4
"341",2019-04-08,"2019",2.03474083438889,8,TRUE,4
"342",2019-04-09,"2019",2.047683635,9,TRUE,4
"343",2019-04-10,"2019",2.06062643561111,10,TRUE,4
"344",2019-04-11,"2019",2.07356923622222,11,TRUE,4
"345",2019-04-12,"2019",2.08651203683333,12,TRUE,4
"346",2019-04-13,"2019",2.09945483744444,13,TRUE,4
"347",2019-04-14,"2019",2.11239763805556,14,TRUE,4
"348",2019-04-15,"2019",2.12534043866667,15,TRUE,4
"349",2019-04-16,"2019",2.13828323927778,16,TRUE,4
"350",2019-04-17,"2019",2.15122603988889,17,TRUE,4
"351",2019-04-18,"2019",2.1641688405,18,TRUE,4
"352",2019-04-19,"2019",2.17711164111111,19,TRUE,4
"353",2019-04-20,"2019",2.19005444172222,20,TRUE,4
"354",2019-04-21,"2019",2.20299724233333,21,TRUE,4
"355",2019-04-22,"2019",2.21594004294444,22,TRUE,4
"356",2019-04-23,"2019",2.22888284355556,23,TRUE,4
"357",2019-04-24,"2019",2.24182564416667,24,TRUE,4
"358",2019-04-25,"2019",2.25476844477778,25,TRUE,4
"359",2019-04-26,"2019",2.26771124538889,26,TRUE,4
"360",2019-04-27,"2019",2.280654046,27,FALSE,4
"361",2019-04-28,"2019",2.27247962309524,28,TRUE,4
"362",2019-04-29,"2019",2.26430520019048,29,TRUE,4
"363",2019-04-30,"2019",2.25613077728571,30,TRUE,4
"364",2019-05-01,"2019",2.24795635438095,1,TRUE,5
"365",2019-05-02,"2019",2.23978193147619,2,TRUE,5
"366",2019-05-03,"2019",2.23160750857143,3,TRUE,5
"367",2019-05-04,"2019",2.22343308566667,4,TRUE,5
"368",2019-05-05,"2019",2.2152586627619,5,TRUE,5
"369",2019-05-06,"2019",2.20708423985714,6,TRUE,5
"370",2019-05-07,"2019",2.19890981695238,7,TRUE,5
"371",2019-05-08,"2019",2.19073539404762,8,TRUE,5
"372",2019-05-09,"2019",2.18256097114286,9,TRUE,5
"373",2019-05-10,"2019",2.1743865482381,10,TRUE,5
"374",2019-05-11,"2019",2.16621212533333,11,TRUE,5
"375",2019-05-12,"2019",2.15803770242857,12,TRUE,5
"376",2019-05-13,"2019",2.14986327952381,13,TRUE,5
"377",2019-05-14,"2019",2.14168885661905,14,TRUE,5
"378",2019-05-15,"2019",2.13351443371429,15,TRUE,5
"379",2019-05-16,"2019",2.12534001080952,16,TRUE,5
"380",2019-05-17,"2019",2.11716558790476,17,TRUE,5
"381",2019-05-18,"2019",2.108991165,18,FALSE,5
"382",2019-05-19,"2019",2.07629355358333,19,TRUE,5
"383",2019-05-20,"2019",2.04359594216667,20,TRUE,5
"384",2019-05-21,"2019",2.01089833075,21,TRUE,5
"385",2019-05-22,"2019",1.97820071933333,22,TRUE,5
"386",2019-05-23,"2019",1.94550310791667,23,TRUE,5
"387",2019-05-24,"2019",1.9128054965,24,TRUE,5
"388",2019-05-25,"2019",1.88010788508333,25,TRUE,5
"389",2019-05-26,"2019",1.84741027366667,26,TRUE,5
"390",2019-05-27,"2019",1.81471266225,27,TRUE,5
"391",2019-05-28,"2019",1.78201505083333,28,TRUE,5
"392",2019-05-29,"2019",1.74931743941667,29,TRUE,5
"393",2019-05-30,"2019",1.716619828,30,FALSE,5
"394",2019-05-31,"2019",1.68055637680294,31,TRUE,5
"395",2019-06-01,"2019",1.64449292560588,1,TRUE,6
"396",2019-06-02,"2019",1.60842947440882,2,TRUE,6
"397",2019-06-03,"2019",1.57236602321176,3,TRUE,6
"398",2019-06-04,"2019",1.53630257201471,4,TRUE,6
"399",2019-06-05,"2019",1.50023912081765,5,TRUE,6
"400",2019-06-06,"2019",1.46417566962059,6,TRUE,6
"401",2019-06-07,"2019",1.42811221842353,7,TRUE,6
"402",2019-06-08,"2019",1.39204876722647,8,TRUE,6
"403",2019-06-09,"2019",1.35598531602941,9,TRUE,6
"404",2019-06-10,"2019",1.31992186483235,10,TRUE,6
"405",2019-06-11,"2019",1.28385841363529,11,TRUE,6
"406",2019-06-12,"2019",1.24779496243824,12,TRUE,6
"407",2019-06-13,"2019",1.21173151124118,13,TRUE,6
"408",2019-06-14,"2019",1.17566806004412,14,TRUE,6
"409",2019-06-15,"2019",1.13960460884706,15,TRUE,6
"410",2019-06-16,"2019",1.10354115765,16,TRUE,6
"411",2019-06-17,"2019",1.06747770645294,17,TRUE,6
"412",2019-06-18,"2019",1.03141425525588,18,TRUE,6
"413",2019-06-19,"2019",0.995350804058823,19,TRUE,6
"414",2019-06-20,"2019",0.959287352861765,20,TRUE,6
"415",2019-06-21,"2019",0.923223901664706,21,TRUE,6
"416",2019-06-22,"2019",0.887160450467647,22,TRUE,6
"417",2019-06-23,"2019",0.851096999270588,23,TRUE,6
"418",2019-06-24,"2019",0.815033548073529,24,TRUE,6
"419",2019-06-25,"2019",0.778970096876471,25,TRUE,6
"420",2019-06-26,"2019",0.742906645679412,26,TRUE,6
"421",2019-06-27,"2019",0.706843194482353,27,TRUE,6
"422",2019-06-28,"2019",0.670779743285294,28,TRUE,6
"423",2019-06-29,"2019",0.634716292088235,29,TRUE,6
"424",2019-06-30,"2019",0.598652840891176,30,TRUE,6
"425",2019-07-01,"2019",0.562589389694118,1,TRUE,7
"426",2019-07-02,"2019",0.526525938497059,2,TRUE,7
"427",2019-07-03,"2019",0.4904624873,3,FALSE,7
"428",2019-07-04,"2019",0.480866467469565,4,TRUE,7
"429",2019-07-05,"2019",0.47127044763913,5,TRUE,7
"430",2019-07-06,"2019",0.461674427808696,6,TRUE,7
"431",2019-07-07,"2019",0.452078407978261,7,TRUE,7
"432",2019-07-08,"2019",0.442482388147826,8,TRUE,7
"433",2019-07-09,"2019",0.432886368317391,9,TRUE,7
"434",2019-07-10,"2019",0.423290348486957,10,TRUE,7
"435",2019-07-11,"2019",0.413694328656522,11,TRUE,7
"436",2019-07-12,"2019",0.404098308826087,12,TRUE,7
"437",2019-07-13,"2019",0.394502288995652,13,TRUE,7
"438",2019-07-14,"2019",0.384906269165217,14,TRUE,7
"439",2019-07-15,"2019",0.375310249334783,15,TRUE,7
"440",2019-07-16,"2019",0.365714229504348,16,TRUE,7
"441",2019-07-17,"2019",0.356118209673913,17,TRUE,7
"442",2019-07-18,"2019",0.346522189843478,18,TRUE,7
"443",2019-07-19,"2019",0.336926170013043,19,TRUE,7
"444",2019-07-20,"2019",0.327330150182609,20,TRUE,7
"445",2019-07-21,"2019",0.317734130352174,21,TRUE,7
"446",2019-07-22,"2019",0.308138110521739,22,TRUE,7
"447",2019-07-23,"2019",0.298542090691304,23,TRUE,7
"448",2019-07-24,"2019",0.28894607086087,24,TRUE,7
"449",2019-07-25,"2019",0.279350051030435,25,TRUE,7
"450",2019-07-26,"2019",0.2697540312,26,FALSE,7
"451",2019-07-27,"2019",0.260719142734737,27,TRUE,7
"452",2019-07-28,"2019",0.251684254269474,28,TRUE,7
"453",2019-07-29,"2019",0.242649365804211,29,TRUE,7
"454",2019-07-30,"2019",0.233614477338947,30,TRUE,7
"455",2019-07-31,"2019",0.224579588873684,31,TRUE,7
"456",2019-08-01,"2019",0.215544700408421,1,TRUE,8
"457",2019-08-02,"2019",0.206509811943158,2,TRUE,8
"458",2019-08-03,"2019",0.197474923477895,3,TRUE,8
"459",2019-08-04,"2019",0.188440035012632,4,TRUE,8
"460",2019-08-05,"2019",0.179405146547368,5,TRUE,8
"461",2019-08-06,"2019",0.170370258082105,6,TRUE,8
"462",2019-08-07,"2019",0.161335369616842,7,TRUE,8
"463",2019-08-08,"2019",0.152300481151579,8,TRUE,8
"464",2019-08-09,"2019",0.143265592686316,9,TRUE,8
"465",2019-08-10,"2019",0.134230704221053,10,TRUE,8
"466",2019-08-11,"2019",0.125195815755789,11,TRUE,8
"467",2019-08-12,"2019",0.116160927290526,12,TRUE,8
"468",2019-08-13,"2019",0.107126038825263,13,TRUE,8
"469",2019-08-14,"2019",0.09809115036,14,FALSE,8
"470",2019-08-15,"2019",0.117451541241053,15,TRUE,8
"471",2019-08-16,"2019",0.136811932122105,16,TRUE,8
"472",2019-08-17,"2019",0.156172323003158,17,TRUE,8
"473",2019-08-18,"2019",0.175532713884211,18,TRUE,8
"474",2019-08-19,"2019",0.194893104765263,19,TRUE,8
"475",2019-08-20,"2019",0.214253495646316,20,TRUE,8
"476",2019-08-21,"2019",0.233613886527368,21,TRUE,8
"477",2019-08-22,"2019",0.252974277408421,22,TRUE,8
"478",2019-08-23,"2019",0.272334668289474,23,TRUE,8
"479",2019-08-24,"2019",0.291695059170526,24,TRUE,8
"480",2019-08-25,"2019",0.311055450051579,25,TRUE,8
"481",2019-08-26,"2019",0.330415840932632,26,TRUE,8
"482",2019-08-27,"2019",0.349776231813684,27,TRUE,8
"483",2019-08-28,"2019",0.369136622694737,28,TRUE,8
"484",2019-08-29,"2019",0.388497013575789,29,TRUE,8
"485",2019-08-30,"2019",0.407857404456842,30,TRUE,8
"486",2019-08-31,"2019",0.427217795337895,31,TRUE,8
"487",2020-01-01,"2020",0.446578186218947,1,TRUE,1
"488",2020-01-02,"2020",0.4659385771,2,FALSE,1
"489",2020-01-03,"2020",0.486374607616667,3,TRUE,1
"490",2020-01-04,"2020",0.506810638133333,4,TRUE,1
"491",2020-01-05,"2020",0.52724666865,5,TRUE,1
"492",2020-01-06,"2020",0.547682699166667,6,TRUE,1
"493",2020-01-07,"2020",0.568118729683333,7,TRUE,1
"494",2020-01-08,"2020",0.5885547602,8,TRUE,1
"495",2020-01-09,"2020",0.608990790716667,9,TRUE,1
"496",2020-01-10,"2020",0.629426821233333,10,TRUE,1
"497",2020-01-11,"2020",0.64986285175,11,TRUE,1
"498",2020-01-12,"2020",0.670298882266667,12,TRUE,1
"499",2020-01-13,"2020",0.690734912783333,13,TRUE,1
"500",2020-01-14,"2020",0.7111709433,14,FALSE,1
"501",2020-01-15,"2020",0.733561656243478,15,TRUE,1
"502",2020-01-16,"2020",0.755952369186957,16,TRUE,1
"503",2020-01-17,"2020",0.778343082130435,17,TRUE,1
"504",2020-01-18,"2020",0.800733795073913,18,TRUE,1
"505",2020-01-19,"2020",0.823124508017391,19,TRUE,1
"506",2020-01-20,"2020",0.84551522096087,20,TRUE,1
"507",2020-01-21,"2020",0.867905933904348,21,TRUE,1
"508",2020-01-22,"2020",0.890296646847826,22,TRUE,1
"509",2020-01-23,"2020",0.912687359791304,23,TRUE,1
"510",2020-01-24,"2020",0.935078072734783,24,TRUE,1
"511",2020-01-25,"2020",0.957468785678261,25,TRUE,1
"512",2020-01-26,"2020",0.979859498621739,26,TRUE,1
"513",2020-01-27,"2020",1.00225021156522,27,TRUE,1
"514",2020-01-28,"2020",1.0246409245087,28,TRUE,1
"515",2020-01-29,"2020",1.04703163745217,29,TRUE,1
"516",2020-01-30,"2020",1.06942235039565,30,TRUE,1
"517",2020-01-31,"2020",1.09181306333913,31,TRUE,1
"518",2020-02-01,"2020",1.11420377628261,1,TRUE,2
"519",2020-02-02,"2020",1.13659448922609,2,TRUE,2
"520",2020-02-03,"2020",1.15898520216957,3,TRUE,2
"521",2020-02-04,"2020",1.18137591511304,4,TRUE,2
"522",2020-02-05,"2020",1.20376662805652,5,TRUE,2
"523",2020-02-06,"2020",1.226157341,6,FALSE,2
"524",2020-02-07,"2020",1.29563964829167,7,TRUE,2
"525",2020-02-08,"2020",1.36512195558333,8,TRUE,2
"526",2020-02-09,"2020",1.434604262875,9,TRUE,2
"527",2020-02-10,"2020",1.50408657016667,10,TRUE,2
"528",2020-02-11,"2020",1.57356887745833,11,TRUE,2
"529",2020-02-12,"2020",1.64305118475,12,TRUE,2
"530",2020-02-13,"2020",1.71253349204167,13,TRUE,2
"531",2020-02-14,"2020",1.78201579933333,14,TRUE,2
"532",2020-02-15,"2020",1.851498106625,15,TRUE,2
"533",2020-02-16,"2020",1.92098041391667,16,TRUE,2
"534",2020-02-17,"2020",1.99046272120833,17,TRUE,2
"535",2020-02-18,"2020",2.0599450285,18,TRUE,2
"536",2020-02-19,"2020",2.12942733579167,19,TRUE,2
"537",2020-02-20,"2020",2.19890964308333,20,TRUE,2
"538",2020-02-21,"2020",2.268391950375,21,TRUE,2
"539",2020-02-22,"2020",2.33787425766667,22,TRUE,2
"540",2020-02-23,"2020",2.40735656495833,23,TRUE,2
"541",2020-02-24,"2020",2.47683887225,24,TRUE,2
"542",2020-02-25,"2020",2.54632117954167,25,TRUE,2
"543",2020-02-26,"2020",2.61580348683333,26,TRUE,2
"544",2020-02-27,"2020",2.685285794125,27,TRUE,2
"545",2020-02-28,"2020",2.75476810141667,28,TRUE,2
"546",2020-02-29,"2020",2.82425040870833,29,TRUE,2
"547",2020-03-01,"2020",2.893732716,1,FALSE,3
"548",2020-03-02,"2020",3.35967279,2,TRUE,3
"549",2020-03-03,"2020",3.825612864,3,TRUE,3
"550",2020-03-04,"2020",4.291552938,4,FALSE,3
"551",2020-03-05,"2020",4.35745894696875,5,TRUE,3
"552",2020-03-06,"2020",4.4233649559375,6,TRUE,3
"553",2020-03-07,"2020",4.48927096490625,7,TRUE,3
"554",2020-03-08,"2020",4.555176973875,8,TRUE,3
"555",2020-03-09,"2020",4.62108298284375,9,TRUE,3
"556",2020-03-10,"2020",4.6869889918125,10,TRUE,3
"557",2020-03-11,"2020",4.75289500078125,11,TRUE,3
"558",2020-03-12,"2020",4.81880100975,12,TRUE,3
"559",2020-03-13,"2020",4.88470701871875,13,TRUE,3
"560",2020-03-14,"2020",4.9506130276875,14,TRUE,3
"561",2020-03-15,"2020",5.01651903665625,15,TRUE,3
"562",2020-03-16,"2020",5.082425045625,16,TRUE,3
"563",2020-03-17,"2020",5.14833105459375,17,TRUE,3
"564",2020-03-18,"2020",5.2142370635625,18,TRUE,3
"565",2020-03-19,"2020",5.28014307253125,19,TRUE,3
"566",2020-03-20,"2020",5.3460490815,20,TRUE,3
"567",2020-03-21,"2020",5.41195509046875,21,TRUE,3
"568",2020-03-22,"2020",5.4778610994375,22,TRUE,3
"569",2020-03-23,"2020",5.54376710840625,23,TRUE,3
"570",2020-03-24,"2020",5.609673117375,24,TRUE,3
"571",2020-03-25,"2020",5.67557912634375,25,TRUE,3
"572",2020-03-26,"2020",5.7414851353125,26,TRUE,3
"573",2020-03-27,"2020",5.80739114428125,27,TRUE,3
"574",2020-03-28,"2020",5.87329715325,28,TRUE,3
"575",2020-03-29,"2020",5.93920316221875,29,TRUE,3
"576",2020-03-30,"2020",6.0051091711875,30,TRUE,3
"577",2020-03-31,"2020",6.07101518015625,31,TRUE,3
"578",2020-04-01,"2020",6.136921189125,1,TRUE,4
"579",2020-04-02,"2020",6.20282719809375,2,TRUE,4
"580",2020-04-03,"2020",6.2687332070625,3,TRUE,4
"581",2020-04-04,"2020",6.33463921603125,4,TRUE,4
"582",2020-04-05,"2020",6.400545225,5,FALSE,4
"583",2020-04-06,"2020",6.45147794561538,6,TRUE,4
"584",2020-04-07,"2020",6.50241066623077,7,TRUE,4
"585",2020-04-08,"2020",6.55334338684615,8,TRUE,4
"586",2020-04-09,"2020",6.60427610746154,9,TRUE,4
"587",2020-04-10,"2020",6.65520882807692,10,TRUE,4
"588",2020-04-11,"2020",6.70614154869231,11,TRUE,4
"589",2020-04-12,"2020",6.75707426930769,12,TRUE,4
"590",2020-04-13,"2020",6.80800698992308,13,TRUE,4
"591",2020-04-14,"2020",6.85893971053846,14,TRUE,4
"592",2020-04-15,"2020",6.90987243115385,15,TRUE,4
"593",2020-04-16,"2020",6.96080515176923,16,TRUE,4
"594",2020-04-17,"2020",7.01173787238462,17,TRUE,4
"595",2020-04-18,"2020",7.062670593,18,FALSE,4
"596",2020-04-19,"2020",7.062670593,19,TRUE,4
"597",2020-04-20,"2020",7.062670593,20,TRUE,4
"598",2020-04-21,"2020",7.062670593,21,TRUE,4
"599",2020-04-22,"2020",7.062670593,22,TRUE,4
"600",2020-04-23,"2020",7.062670593,23,TRUE,4
"601",2020-04-24,"2020",7.062670593,24,TRUE,4
"602",2020-04-25,"2020",7.062670593,25,TRUE,4
"603",2020-04-26,"2020",7.062670593,26,FALSE,4
"604",2020-04-27,"2020",6.98676555061905,27,TRUE,4
"605",2020-04-28,"2020",6.9108605082381,28,TRUE,4
"606",2020-04-29,"2020",6.83495546585714,29,TRUE,4
"607",2020-04-30,"2020",6.75905042347619,30,TRUE,4
"608",2020-05-01,"2020",6.68314538109524,1,TRUE,5
"609",2020-05-02,"2020",6.60724033871429,2,TRUE,5
"610",2020-05-03,"2020",6.53133529633333,3,TRUE,5
"611",2020-05-04,"2020",6.45543025395238,4,TRUE,5
"612",2020-05-05,"2020",6.37952521157143,5,TRUE,5
"613",2020-05-06,"2020",6.30362016919048,6,TRUE,5
"614",2020-05-07,"2020",6.22771512680952,7,TRUE,5
"615",2020-05-08,"2020",6.15181008442857,8,TRUE,5
"616",2020-05-09,"2020",6.07590504204762,9,TRUE,5
"617",2020-05-10,"2020",5.99999999966667,10,TRUE,5
"618",2020-05-11,"2020",5.92409495728571,11,TRUE,5
"619",2020-05-12,"2020",5.84818991490476,12,TRUE,5
"620",2020-05-13,"2020",5.77228487252381,13,TRUE,5
"621",2020-05-14,"2020",5.69637983014286,14,TRUE,5
"622",2020-05-15,"2020",5.6204747877619,15,TRUE,5
"623",2020-05-16,"2020",5.54456974538095,16,TRUE,5
"624",2020-05-17,"2020",5.468664703,17,FALSE,5
"625",2020-05-18,"2020",5.3926429389,18,TRUE,5
"626",2020-05-19,"2020",5.3166211748,19,TRUE,5
"627",2020-05-20,"2020",5.2405994107,20,TRUE,5
"628",2020-05-21,"2020",5.1645776466,21,TRUE,5
"629",2020-05-22,"2020",5.0885558825,22,TRUE,5
"630",2020-05-23,"2020",5.0125341184,23,TRUE,5
"631",2020-05-24,"2020",4.9365123543,24,TRUE,5
"632",2020-05-25,"2020",4.8604905902,25,TRUE,5
"633",2020-05-26,"2020",4.7844688261,26,TRUE,5
"634",2020-05-27,"2020",4.708447062,27,FALSE,5
"635",2020-05-28,"2020",4.63487757666667,28,TRUE,5
"636",2020-05-29,"2020",4.56130809133333,29,TRUE,5
"637",2020-05-30,"2020",4.487738606,30,TRUE,5
"638",2020-05-31,"2020",4.41416912066667,31,TRUE,5
"639",2020-06-01,"2020",4.34059963533333,1,TRUE,6
"640",2020-06-02,"2020",4.26703015,2,TRUE,6
"641",2020-06-03,"2020",4.19346066466667,3,TRUE,6
"642",2020-06-04,"2020",4.11989117933333,4,TRUE,6
"643",2020-06-05,"2020",4.046321694,5,TRUE,6
"644",2020-06-06,"2020",3.97275220866667,6,TRUE,6
"645",2020-06-07,"2020",3.89918272333333,7,TRUE,6
"646",2020-06-08,"2020",3.825613238,8,FALSE,6
"647",2020-06-09,"2020",3.76430533358333,9,TRUE,6
"648",2020-06-10,"2020",3.70299742916667,10,TRUE,6
"649",2020-06-11,"2020",3.64168952475,11,TRUE,6
"650",2020-06-12,"2020",3.58038162033333,12,TRUE,6
"651",2020-06-13,"2020",3.51907371591667,13,TRUE,6
"652",2020-06-14,"2020",3.4577658115,14,TRUE,6
"653",2020-06-15,"2020",3.39645790708333,15,TRUE,6
"654",2020-06-16,"2020",3.33515000266667,16,TRUE,6
"655",2020-06-17,"2020",3.27384209825,17,TRUE,6
"656",2020-06-18,"2020",3.21253419383333,18,TRUE,6
"657",2020-06-19,"2020",3.15122628941667,19,TRUE,6
"658",2020-06-20,"2020",3.089918385,20,FALSE,6
"659",2020-06-21,"2020",3.03521275507692,21,TRUE,6
"660",2020-06-22,"2020",2.98050712515385,22,TRUE,6
"661",2020-06-23,"2020",2.92580149523077,23,TRUE,6
"662",2020-06-24,"2020",2.87109586530769,24,TRUE,6
"663",2020-06-25,"2020",2.81639023538462,25,TRUE,6
"664",2020-06-26,"2020",2.76168460546154,26,TRUE,6
"665",2020-06-27,"2020",2.70697897553846,27,TRUE,6
"666",2020-06-28,"2020",2.65227334561538,28,TRUE,6
"667",2020-06-29,"2020",2.59756771569231,29,TRUE,6
"668",2020-06-30,"2020",2.54286208576923,30,TRUE,6
"669",2020-07-01,"2020",2.48815645584615,1,TRUE,7
"670",2020-07-02,"2020",2.43345082592308,2,TRUE,7
"671",2020-07-03,"2020",2.378745196,3,FALSE,7
"672",2020-07-04,"2020",2.3419604533125,4,TRUE,7
"673",2020-07-05,"2020",2.305175710625,5,TRUE,7
"674",2020-07-06,"2020",2.2683909679375,6,TRUE,7
"675",2020-07-07,"2020",2.23160622525,7,TRUE,7
"676",2020-07-08,"2020",2.1948214825625,8,TRUE,7
"677",2020-07-09,"2020",2.158036739875,9,TRUE,7
"678",2020-07-10,"2020",2.1212519971875,10,TRUE,7
"679",2020-07-11,"2020",2.0844672545,11,TRUE,7
"680",2020-07-12,"2020",2.0476825118125,12,TRUE,7
"681",2020-07-13,"2020",2.010897769125,13,TRUE,7
"682",2020-07-14,"2020",1.9741130264375,14,TRUE,7
"683",2020-07-15,"2020",1.93732828375,15,TRUE,7
"684",2020-07-16,"2020",1.9005435410625,16,TRUE,7
"685",2020-07-17,"2020",1.863758798375,17,TRUE,7
"686",2020-07-18,"2020",1.8269740556875,18,TRUE,7
"687",2020-07-19,"2020",1.790189313,19,FALSE,7
"688",2020-07-20,"2020",1.7509522542,20,TRUE,7
"689",2020-07-21,"2020",1.7117151954,21,TRUE,7
"690",2020-07-22,"2020",1.6724781366,22,TRUE,7
"691",2020-07-23,"2020",1.6332410778,23,TRUE,7
"692",2020-07-24,"2020",1.594004019,24,TRUE,7
"693",2020-07-25,"2020",1.5547669602,25,TRUE,7
"694",2020-07-26,"2020",1.5155299014,26,TRUE,7
"695",2020-07-27,"2020",1.4762928426,27,TRUE,7
"696",2020-07-28,"2020",1.4370557838,28,TRUE,7
"697",2020-07-29,"2020",1.397818725,29,TRUE,7
"698",2020-07-30,"2020",1.3585816662,30,TRUE,7
"699",2020-07-31,"2020",1.3193446074,31,TRUE,7
"700",2020-08-01,"2020",1.2801075486,1,TRUE,8
"701",2020-08-02,"2020",1.2408704898,2,TRUE,8
"702",2020-08-03,"2020",1.201633431,3,FALSE,8
"703",2020-08-04,"2020",1.17886203051429,4,TRUE,8
"704",2020-08-05,"2020",1.15609063002857,5,TRUE,8
"705",2020-08-06,"2020",1.13331922954286,6,TRUE,8
"706",2020-08-07,"2020",1.11054782905714,7,TRUE,8
"707",2020-08-08,"2020",1.08777642857143,8,TRUE,8
"708",2020-08-09,"2020",1.06500502808571,9,TRUE,8
"709",2020-08-10,"2020",1.0422336276,10,TRUE,8
"710",2020-08-11,"2020",1.01946222711429,11,TRUE,8
"711",2020-08-12,"2020",0.996690826628571,12,TRUE,8
"712",2020-08-13,"2020",0.973919426142857,13,TRUE,8
"713",2020-08-14,"2020",0.951148025657143,14,TRUE,8
"714",2020-08-15,"2020",0.928376625171429,15,TRUE,8
"715",2020-08-16,"2020",0.905605224685714,16,TRUE,8
"716",2020-08-17,"2020",0.8828338242,17,FALSE,8
"717",2020-08-18,"2020",0.872615715391667,18,TRUE,8
"718",2020-08-19,"2020",0.862397606583333,19,TRUE,8
"719",2020-08-20,"2020",0.852179497775,20,TRUE,8
"720",2020-08-21,"2020",0.841961388966667,21,TRUE,8
"721",2020-08-22,"2020",0.831743280158333,22,TRUE,8
"722",2020-08-23,"2020",0.82152517135,23,TRUE,8
"723",2020-08-24,"2020",0.811307062541667,24,TRUE,8
"724",2020-08-25,"2020",0.801088953733333,25,TRUE,8
"725",2020-08-26,"2020",0.790870844925,26,TRUE,8
"726",2020-08-27,"2020",0.780652736116667,27,TRUE,8
"727",2020-08-28,"2020",0.770434627308333,28,TRUE,8
"728",2020-08-29,"2020",0.7602165185,29,FALSE,8
"729",2020-08-30,"2020",0.78933781990625,30,TRUE,8
"730",2020-08-31,"2020",0.8184591213125,31,TRUE,8
"731",2021-01-01,"2021",0.84758042271875,1,TRUE,1
"732",2021-01-02,"2021",0.876701724125,2,TRUE,1
"733",2021-01-03,"2021",0.90582302553125,3,TRUE,1
"734",2021-01-04,"2021",0.9349443269375,4,TRUE,1
"735",2021-01-05,"2021",0.96406562834375,5,TRUE,1
"736",2021-01-06,"2021",0.99318692975,6,TRUE,1
"737",2021-01-07,"2021",1.02230823115625,7,TRUE,1
"738",2021-01-08,"2021",1.0514295325625,8,TRUE,1
"739",2021-01-09,"2021",1.08055083396875,9,TRUE,1
"740",2021-01-10,"2021",1.109672135375,10,TRUE,1
"741",2021-01-11,"2021",1.13879343678125,11,TRUE,1
"742",2021-01-12,"2021",1.1679147381875,12,TRUE,1
"743",2021-01-13,"2021",1.19703603959375,13,TRUE,1
"744",2021-01-14,"2021",1.226157341,14,FALSE,1
"745",2021-01-15,"2021",1.30987434155172,15,TRUE,1
"746",2021-01-16,"2021",1.39359134210345,16,TRUE,1
"747",2021-01-17,"2021",1.47730834265517,17,TRUE,1
"748",2021-01-18,"2021",1.5610253432069,18,TRUE,1
"749",2021-01-19,"2021",1.64474234375862,19,TRUE,1
"750",2021-01-20,"2021",1.72845934431034,20,TRUE,1
"751",2021-01-21,"2021",1.81217634486207,21,TRUE,1
"752",2021-01-22,"2021",1.89589334541379,22,TRUE,1
"753",2021-01-23,"2021",1.97961034596552,23,TRUE,1
"754",2021-01-24,"2021",2.06332734651724,24,TRUE,1
"755",2021-01-25,"2021",2.14704434706897,25,TRUE,1
"756",2021-01-26,"2021",2.23076134762069,26,TRUE,1
"757",2021-01-27,"2021",2.31447834817241,27,TRUE,1
"758",2021-01-28,"2021",2.39819534872414,28,TRUE,1
"759",2021-01-29,"2021",2.48191234927586,29,TRUE,1
"760",2021-01-30,"2021",2.56562934982759,30,TRUE,1
"761",2021-01-31,"2021",2.64934635037931,31,TRUE,1
"762",2021-02-01,"2021",2.73306335093103,1,TRUE,2
"763",2021-02-02,"2021",2.81678035148276,2,TRUE,2
"764",2021-02-03,"2021",2.90049735203448,3,TRUE,2
"765",2021-02-04,"2021",2.98421435258621,4,TRUE,2
"766",2021-02-05,"2021",3.06793135313793,5,TRUE,2
"767",2021-02-06,"2021",3.15164835368966,6,TRUE,2
"768",2021-02-07,"2021",3.23536535424138,7,TRUE,2
"769",2021-02-08,"2021",3.3190823547931,8,TRUE,2
"770",2021-02-09,"2021",3.40279935534483,9,TRUE,2
"771",2021-02-10,"2021",3.48651635589655,10,TRUE,2
"772",2021-02-11,"2021",3.57023335644828,11,TRUE,2
"773",2021-02-12,"2021",3.653950357,12,FALSE,2
"774",2021-02-13,"2021",3.83962577828571,13,TRUE,2
"775",2021-02-14,"2021",4.02530119957143,14,TRUE,2
"776",2021-02-15,"2021",4.21097662085714,15,TRUE,2
"777",2021-02-16,"2021",4.39665204214286,16,TRUE,2
"778",2021-02-17,"2021",4.58232746342857,17,TRUE,2
"779",2021-02-18,"2021",4.76800288471429,18,TRUE,2
"780",2021-02-19,"2021",4.953678306,19,TRUE,2
"781",2021-02-20,"2021",5.13935372728571,20,TRUE,2
"782",2021-02-21,"2021",5.32502914857143,21,TRUE,2
"783",2021-02-22,"2021",5.51070456985714,22,TRUE,2
"784",2021-02-23,"2021",5.69637999114286,23,TRUE,2
"785",2021-02-24,"2021",5.88205541242857,24,TRUE,2
"786",2021-02-25,"2021",6.06773083371429,25,TRUE,2
"787",2021-02-26,"2021",6.253406255,26,FALSE,2
"788",2021-02-27,"2021",6.24026884689286,27,TRUE,2
"789",2021-02-28,"2021",6.22713143878571,28,TRUE,2
"790",2021-03-01,"2021",6.21399403067857,1,TRUE,3
"791",2021-03-02,"2021",6.20085662257143,2,TRUE,3
"792",2021-03-03,"2021",6.18771921446429,3,TRUE,3
"793",2021-03-04,"2021",6.17458180635714,4,TRUE,3
"794",2021-03-05,"2021",6.16144439825,5,TRUE,3
"795",2021-03-06,"2021",6.14830699014286,6,TRUE,3
"796",2021-03-07,"2021",6.13516958203571,7,TRUE,3
"797",2021-03-08,"2021",6.12203217392857,8,TRUE,3
"798",2021-03-09,"2021",6.10889476582143,9,TRUE,3
"799",2021-03-10,"2021",6.09575735771429,10,TRUE,3
"800",2021-03-11,"2021",6.08261994960714,11,TRUE,3
"801",2021-03-12,"2021",6.0694825415,12,TRUE,3
"802",2021-03-13,"2021",6.05634513339286,13,TRUE,3
"803",2021-03-14,"2021",6.04320772528571,14,TRUE,3
"804",2021-03-15,"2021",6.03007031717857,15,TRUE,3
"805",2021-03-16,"2021",6.01693290907143,16,TRUE,3
"806",2021-03-17,"2021",6.00379550096429,17,TRUE,3
"807",2021-03-18,"2021",5.99065809285714,18,TRUE,3
"808",2021-03-19,"2021",5.97752068475,19,TRUE,3
"809",2021-03-20,"2021",5.96438327664286,20,TRUE,3
"810",2021-03-21,"2021",5.95124586853571,21,TRUE,3
"811",2021-03-22,"2021",5.93810846042857,22,TRUE,3
"812",2021-03-23,"2021",5.92497105232143,23,TRUE,3
"813",2021-03-24,"2021",5.91183364421429,24,TRUE,3
"814",2021-03-25,"2021",5.89869623610714,25,TRUE,3
"815",2021-03-26,"2021",5.885558828,26,FALSE,3
"816",2021-03-27,"2021",5.85315319460714,27,TRUE,3
"817",2021-03-28,"2021",5.82074756121429,28,TRUE,3
"818",2021-03-29,"2021",5.78834192782143,29,TRUE,3
"819",2021-03-30,"2021",5.75593629442857,30,TRUE,3
"820",2021-03-31,"2021",5.72353066103571,31,TRUE,3
"821",2021-04-01,"2021",5.69112502764286,1,TRUE,4
"822",2021-04-02,"2021",5.65871939425,2,TRUE,4
"823",2021-04-03,"2021",5.62631376085714,3,TRUE,4
"824",2021-04-04,"2021",5.59390812746429,4,TRUE,4
"825",2021-04-05,"2021",5.56150249407143,5,TRUE,4
"826",2021-04-06,"2021",5.52909686067857,6,TRUE,4
"827",2021-04-07,"2021",5.49669122728571,7,TRUE,4
"828",2021-04-08,"2021",5.46428559389286,8,TRUE,4
"829",2021-04-09,"2021",5.4318799605,9,TRUE,4
"830",2021-04-10,"2021",5.39947432710714,10,TRUE,4
"831",2021-04-11,"2021",5.36706869371429,11,TRUE,4
"832",2021-04-12,"2021",5.33466306032143,12,TRUE,4
"833",2021-04-13,"2021",5.30225742692857,13,TRUE,4
"834",2021-04-14,"2021",5.26985179353571,14,TRUE,4
"835",2021-04-15,"2021",5.23744616014286,15,TRUE,4
"836",2021-04-16,"2021",5.20504052675,16,TRUE,4
"837",2021-04-17,"2021",5.17263489335714,17,TRUE,4
"838",2021-04-18,"2021",5.14022925996429,18,TRUE,4
"839",2021-04-19,"2021",5.10782362657143,19,TRUE,4
"840",2021-04-20,"2021",5.07541799317857,20,TRUE,4
"841",2021-04-21,"2021",5.04301235978571,21,TRUE,4
"842",2021-04-22,"2021",5.01060672639286,22,TRUE,4
"843",2021-04-23,"2021",4.978201093,23,FALSE,4
"844",2021-04-24,"2021",5.0247951753,24,TRUE,4
"845",2021-04-25,"2021",5.0713892576,25,TRUE,4
"846",2021-04-26,"2021",5.1179833399,26,TRUE,4
"847",2021-04-27,"2021",5.1645774222,27,TRUE,4
"848",2021-04-28,"2021",5.2111715045,28,TRUE,4
"849",2021-04-29,"2021",5.2577655868,29,TRUE,4
"850",2021-04-30,"2021",5.3043596691,30,TRUE,4
"851",2021-05-01,"2021",5.3509537514,1,TRUE,5
"852",2021-05-02,"2021",5.3975478337,2,TRUE,5
"853",2021-05-03,"2021",5.444141916,3,FALSE,5
"854",2021-05-04,"2021",5.38846771086487,4,TRUE,5
"855",2021-05-05,"2021",5.33279350572973,5,TRUE,5
"856",2021-05-06,"2021",5.2771193005946,6,TRUE,5
"857",2021-05-07,"2021",5.22144509545946,7,TRUE,5
"858",2021-05-08,"2021",5.16577089032432,8,TRUE,5
"859",2021-05-09,"2021",5.11009668518919,9,TRUE,5
"860",2021-05-10,"2021",5.05442248005405,10,TRUE,5
"861",2021-05-11,"2021",4.99874827491892,11,TRUE,5
"862",2021-05-12,"2021",4.94307406978378,12,TRUE,5
"863",2021-05-13,"2021",4.88739986464865,13,TRUE,5
"864",2021-05-14,"2021",4.83172565951351,14,TRUE,5
"865",2021-05-15,"2021",4.77605145437838,15,TRUE,5
"866",2021-05-16,"2021",4.72037724924324,16,TRUE,5
"867",2021-05-17,"2021",4.66470304410811,17,TRUE,5
"868",2021-05-18,"2021",4.60902883897297,18,TRUE,5
"869",2021-05-19,"2021",4.55335463383784,19,TRUE,5
"870",2021-05-20,"2021",4.4976804287027,20,TRUE,5
"871",2021-05-21,"2021",4.44200622356757,21,TRUE,5
"872",2021-05-22,"2021",4.38633201843243,22,TRUE,5
"873",2021-05-23,"2021",4.3306578132973,23,TRUE,5
"874",2021-05-24,"2021",4.27498360816216,24,TRUE,5
"875",2021-05-25,"2021",4.21930940302703,25,TRUE,5
"876",2021-05-26,"2021",4.16363519789189,26,TRUE,5
"877",2021-05-27,"2021",4.10796099275676,27,TRUE,5
"878",2021-05-28,"2021",4.05228678762162,28,TRUE,5
"879",2021-05-29,"2021",3.99661258248649,29,TRUE,5
"880",2021-05-30,"2021",3.94093837735135,30,TRUE,5
"881",2021-05-31,"2021",3.88526417221622,31,TRUE,5
"882",2021-06-01,"2021",3.82958996708108,1,TRUE,6
"883",2021-06-02,"2021",3.77391576194595,2,TRUE,6
"884",2021-06-03,"2021",3.71824155681081,3,TRUE,6
"885",2021-06-04,"2021",3.66256735167568,4,TRUE,6
"886",2021-06-05,"2021",3.60689314654054,5,TRUE,6
"887",2021-06-06,"2021",3.55121894140541,6,TRUE,6
"888",2021-06-07,"2021",3.49554473627027,7,TRUE,6
"889",2021-06-08,"2021",3.43987053113514,8,TRUE,6
"890",2021-06-09,"2021",3.384196326,9,FALSE,6
"891",2021-06-10,"2021",3.34191496096552,10,TRUE,6
"892",2021-06-11,"2021",3.29963359593103,11,TRUE,6
"893",2021-06-12,"2021",3.25735223089655,12,TRUE,6
"894",2021-06-13,"2021",3.21507086586207,13,TRUE,6
"895",2021-06-14,"2021",3.17278950082759,14,TRUE,6
"896",2021-06-15,"2021",3.1305081357931,15,TRUE,6
"897",2021-06-16,"2021",3.08822677075862,16,TRUE,6
"898",2021-06-17,"2021",3.04594540572414,17,TRUE,6
"899",2021-06-18,"2021",3.00366404068966,18,TRUE,6
"900",2021-06-19,"2021",2.96138267565517,19,TRUE,6
"901",2021-06-20,"2021",2.91910131062069,20,TRUE,6
"902",2021-06-21,"2021",2.87681994558621,21,TRUE,6
"903",2021-06-22,"2021",2.83453858055172,22,TRUE,6
"904",2021-06-23,"2021",2.79225721551724,23,TRUE,6
"905",2021-06-24,"2021",2.74997585048276,24,TRUE,6
"906",2021-06-25,"2021",2.70769448544828,25,TRUE,6
"907",2021-06-26,"2021",2.66541312041379,26,TRUE,6
"908",2021-06-27,"2021",2.62313175537931,27,TRUE,6
"909",2021-06-28,"2021",2.58085039034483,28,TRUE,6
"910",2021-06-29,"2021",2.53856902531034,29,TRUE,6
"911",2021-06-30,"2021",2.49628766027586,30,TRUE,6
"912",2021-07-01,"2021",2.45400629524138,1,TRUE,7
"913",2021-07-02,"2021",2.4117249302069,2,TRUE,7
"914",2021-07-03,"2021",2.36944356517241,3,TRUE,7
"915",2021-07-04,"2021",2.32716220013793,4,TRUE,7
"916",2021-07-05,"2021",2.28488083510345,5,TRUE,7
"917",2021-07-06,"2021",2.24259947006897,6,TRUE,7
"918",2021-07-07,"2021",2.20031810503448,7,TRUE,7
"919",2021-07-08,"2021",2.15803674,8,FALSE,7
"920",2021-07-09,"2021",2.11913798327586,9,TRUE,7
"921",2021-07-10,"2021",2.08023922655172,10,TRUE,7
"922",2021-07-11,"2021",2.04134046982759,11,TRUE,7
"923",2021-07-12,"2021",2.00244171310345,12,TRUE,7
"924",2021-07-13,"2021",1.96354295637931,13,TRUE,7
"925",2021-07-14,"2021",1.92464419965517,14,TRUE,7
"926",2021-07-15,"2021",1.88574544293103,15,TRUE,7
"927",2021-07-16,"2021",1.8468466862069,16,TRUE,7
"928",2021-07-17,"2021",1.80794792948276,17,TRUE,7
"929",2021-07-18,"2021",1.76904917275862,18,TRUE,7
"930",2021-07-19,"2021",1.73015041603448,19,TRUE,7
"931",2021-07-20,"2021",1.69125165931034,20,TRUE,7
"932",2021-07-21,"2021",1.65235290258621,21,TRUE,7
"933",2021-07-22,"2021",1.61345414586207,22,TRUE,7
"934",2021-07-23,"2021",1.57455538913793,23,TRUE,7
"935",2021-07-24,"2021",1.53565663241379,24,TRUE,7
"936",2021-07-25,"2021",1.49675787568966,25,TRUE,7
"937",2021-07-26,"2021",1.45785911896552,26,TRUE,7
"938",2021-07-27,"2021",1.41896036224138,27,TRUE,7
"939",2021-07-28,"2021",1.38006160551724,28,TRUE,7
"940",2021-07-29,"2021",1.3411628487931,29,TRUE,7
"941",2021-07-30,"2021",1.30226409206897,30,TRUE,7
"942",2021-07-31,"2021",1.26336533534483,31,TRUE,7
"943",2021-08-01,"2021",1.22446657862069,1,TRUE,8
"944",2021-08-02,"2021",1.18556782189655,2,TRUE,8
"945",2021-08-03,"2021",1.14666906517241,3,TRUE,8
"946",2021-08-04,"2021",1.10777030844828,4,TRUE,8
"947",2021-08-05,"2021",1.06887155172414,5,TRUE,8
"948",2021-08-06,"2021",1.029972795,6,FALSE,8
"949",2021-08-07,"2021",1.01325245741364,7,TRUE,8
"950",2021-08-08,"2021",0.996532119827273,8,TRUE,8
"951",2021-08-09,"2021",0.979811782240909,9,TRUE,8
"952",2021-08-10,"2021",0.963091444654545,10,TRUE,8
"953",2021-08-11,"2021",0.946371107068182,11,TRUE,8
"954",2021-08-12,"2021",0.929650769481818,12,TRUE,8
"955",2021-08-13,"2021",0.912930431895455,13,TRUE,8
"956",2021-08-14,"2021",0.896210094309091,14,TRUE,8
"957",2021-08-15,"2021",0.879489756722727,15,TRUE,8
"958",2021-08-16,"2021",0.862769419136364,16,TRUE,8
"959",2021-08-17,"2021",0.84604908155,17,TRUE,8
"960",2021-08-18,"2021",0.829328743963636,18,TRUE,8
"961",2021-08-19,"2021",0.812608406377273,19,TRUE,8
"962",2021-08-20,"2021",0.795888068790909,20,TRUE,8
"963",2021-08-21,"2021",0.779167731204546,21,TRUE,8
"964",2021-08-22,"2021",0.762447393618182,22,TRUE,8
"965",2021-08-23,"2021",0.745727056031818,23,TRUE,8
"966",2021-08-24,"2021",0.729006718445455,24,TRUE,8
"967",2021-08-25,"2021",0.712286380859091,25,TRUE,8
"968",2021-08-26,"2021",0.695566043272727,26,TRUE,8
"969",2021-08-27,"2021",0.678845705686364,27,TRUE,8
"970",2021-08-28,"2021",0.6621253681,28,FALSE,8
"971",2021-08-29,"2021",0.625340625425,29,TRUE,8
"972",2021-08-30,"2021",0.58855588275,30,TRUE,8
"973",2021-08-31,"2021",0.551771140075,31,TRUE,8
"974",2021-09-09,"2021",0.5149863974,9,FALSE,9
"975",2022-01-01,"2022",0.548544368852632,1,TRUE,1
"976",2022-01-02,"2022",0.582102340305263,2,TRUE,1
"977",2022-01-03,"2022",0.615660311757895,3,TRUE,1
"978",2022-01-04,"2022",0.649218283210526,4,TRUE,1
"979",2022-01-05,"2022",0.682776254663158,5,TRUE,1
"980",2022-01-06,"2022",0.716334226115789,6,TRUE,1
"981",2022-01-07,"2022",0.749892197568421,7,TRUE,1
"982",2022-01-08,"2022",0.783450169021053,8,TRUE,1
"983",2022-01-09,"2022",0.817008140473684,9,TRUE,1
"984",2022-01-10,"2022",0.850566111926316,10,TRUE,1
"985",2022-01-11,"2022",0.884124083378947,11,TRUE,1
"986",2022-01-12,"2022",0.917682054831579,12,TRUE,1
"987",2022-01-13,"2022",0.95124002628421,13,TRUE,1
"988",2022-01-14,"2022",0.984797997736842,14,TRUE,1
"989",2022-01-15,"2022",1.01835596918947,15,TRUE,1
"990",2022-01-16,"2022",1.05191394064211,16,TRUE,1
"991",2022-01-17,"2022",1.08547191209474,17,TRUE,1
"992",2022-01-18,"2022",1.11902988354737,18,TRUE,1
"993",2022-01-19,"2022",1.152587855,19,FALSE,1
"994",2022-01-20,"2022",1.173607708,20,TRUE,1
"995",2022-01-21,"2022",1.194627561,21,TRUE,1
"996",2022-01-22,"2022",1.215647414,22,TRUE,1
"997",2022-01-23,"2022",1.236667267,23,TRUE,1
"998",2022-01-24,"2022",1.25768712,24,TRUE,1
"999",2022-01-25,"2022",1.278706973,25,TRUE,1
"1000",2022-01-26,"2022",1.299727,26,FALSE,1
"1001",2022-01-27,"2022",1.36629,27,TRUE,1
"1002",2022-01-28,"2022",1.432853,28,TRUE,1
"1003",2022-01-29,"2022",1.499416,29,TRUE,1
"1004",2022-01-30,"2022",1.565979,30,TRUE,1
"1005",2022-01-31,"2022",1.632542,31,TRUE,1
"1006",2022-02-01,"2022",1.699105,1,TRUE,2
"1007",2022-02-02,"2022",1.765668,2,FALSE,2
"1008",2022-02-03,"2022",1.802452,3,TRUE,2
"1009",2022-02-04,"2022",1.839237,4,TRUE,2
"1010",2022-02-05,"2022",1.876022,5,TRUE,2
"1011",2022-02-06,"2022",1.912807,6,TRUE,2
"1012",2022-02-07,"2022",1.949591,7,TRUE,2
"1013",2022-02-08,"2022",1.986376,8,TRUE,2
"1014",2022-02-09,"2022",2.023161,9,TRUE,2
"1015",2022-02-10,"2022",2.059946,10,TRUE,2
"1016",2022-02-11,"2022",2.09673,11,TRUE,2
"1017",2022-02-12,"2022",2.133515,12,TRUE,2
"1018",2022-02-13,"2022",2.1703,13,TRUE,2
"1019",2022-02-14,"2022",2.207085,14,TRUE,2
"1020",2022-02-15,"2022",2.243869,15,TRUE,2
"1021",2022-02-16,"2022",2.280654,16,TRUE,2
"1022",2022-02-17,"2022",2.317439,17,TRUE,2
"1023",2022-02-18,"2022",2.354224,18,TRUE,2
"1024",2022-02-19,"2022",2.391008,19,TRUE,2
"1025",2022-02-20,"2022",2.427793,20,TRUE,2
"1026",2022-02-21,"2022",2.464578,21,TRUE,2
"1027",2022-02-22,"2022",2.501363,22,TRUE,2
"1028",2022-02-23,"2022",2.538147,23,TRUE,2
"1029",2022-02-24,"2022",2.574932,24,TRUE,2
"1030",2022-02-25,"2022",2.611717,25,TRUE,2
"1031",2022-02-26,"2022",2.648501,26,TRUE,2
"1032",2022-02-27,"2022",2.685286,27,TRUE,2
"1033",2022-02-28,"2022",2.722071,28,TRUE,2
"1034",2022-03-01,"2022",2.758856,1,TRUE,3
"1035",2022-03-02,"2022",2.79564,2,TRUE,3
"1036",2022-03-03,"2022",2.832425,3,TRUE,3
"1037",2022-03-04,"2022",2.86921,4,TRUE,3
"1038",2022-03-05,"2022",2.905995,5,TRUE,3
"1039",2022-03-06,"2022",2.942779,6,FALSE,3
"1040",2022-03-07,"2022",3.02861,7,TRUE,3
"1041",2022-03-08,"2022",3.114441,8,TRUE,3
"1042",2022-03-09,"2022",3.200272,9,TRUE,3
"1043",2022-03-10,"2022",3.286103,10,TRUE,3
"1044",2022-03-11,"2022",3.371935,11,TRUE,3
"1045",2022-03-12,"2022",3.457766,12,TRUE,3
"1046",2022-03-13,"2022",3.543597,13,TRUE,3
"1047",2022-03-14,"2022",3.629428,14,FALSE,3
"1048",2022-03-15,"2022",3.674868,15,TRUE,3
"1049",2022-03-16,"2022",3.720308,16,TRUE,3
"1050",2022-03-17,"2022",3.765747,17,TRUE,3
"1051",2022-03-18,"2022",3.811187,18,TRUE,3
"1052",2022-03-19,"2022",3.856627,19,TRUE,3
"1053",2022-03-20,"2022",3.902067,20,TRUE,3
"1054",2022-03-21,"2022",3.947507,21,TRUE,3
"1055",2022-03-22,"2022",3.992947,22,TRUE,3
"1056",2022-03-23,"2022",4.038387,23,TRUE,3
"1057",2022-03-24,"2022",4.083827,24,TRUE,3
"1058",2022-03-25,"2022",4.129267,25,TRUE,3
"1059",2022-03-26,"2022",4.174707,26,TRUE,3
"1060",2022-03-27,"2022",4.220147,27,TRUE,3
"1061",2022-03-28,"2022",4.265587,28,TRUE,3
"1062",2022-03-29,"2022",4.311027,29,TRUE,3
"1063",2022-03-30,"2022",4.356467,30,TRUE,3
"1064",2022-03-31,"2022",4.401907,31,TRUE,3
"1065",2022-04-01,"2022",4.447347,1,TRUE,4
"1066",2022-04-02,"2022",4.492787,2,TRUE,4
"1067",2022-04-03,"2022",4.538227,3,TRUE,4
"1068",2022-04-04,"2022",4.583667,4,TRUE,4
"1069",2022-04-05,"2022",4.629107,5,TRUE,4
"1070",2022-04-06,"2022",4.674547,6,TRUE,4
"1071",2022-04-07,"2022",4.719987,7,TRUE,4
"1072",2022-04-08,"2022",4.765427,8,TRUE,4
"1073",2022-04-09,"2022",4.810867,9,TRUE,4
"1074",2022-04-10,"2022",4.856307,10,TRUE,4
"1075",2022-04-11,"2022",4.901747,11,TRUE,4
"1076",2022-04-12,"2022",4.947187,12,TRUE,4
"1077",2022-04-13,"2022",4.992627,13,TRUE,4
"1078",2022-04-14,"2022",5.038067,14,TRUE,4
"1079",2022-04-15,"2022",5.083507,15,TRUE,4
"1080",2022-04-16,"2022",5.128947,16,TRUE,4
"1081",2022-04-17,"2022",5.174387,17,FALSE,4
"1082",2022-04-18,"2022",5.223433,18,TRUE,4
"1083",2022-04-19,"2022",5.272479,19,TRUE,4
"1084",2022-04-20,"2022",5.321526,20,TRUE,4
"1085",2022-04-21,"2022",5.370572,21,TRUE,4
"1086",2022-04-22,"2022",5.419618,22,TRUE,4
"1087",2022-04-23,"2022",5.468664,23,TRUE,4
"1088",2022-04-24,"2022",5.517711,24,TRUE,4
"1089",2022-04-25,"2022",5.566757,25,FALSE,4
"1090",2022-04-26,"2022",5.546158,26,TRUE,4
"1091",2022-04-27,"2022",5.525558,27,TRUE,4
"1092",2022-04-28,"2022",5.504959,28,TRUE,4
"1093",2022-04-29,"2022",5.484359,29,TRUE,4
"1094",2022-04-30,"2022",5.46376,30,TRUE,4
"1095",2022-05-01,"2022",5.44316,1,TRUE,5
"1096",2022-05-02,"2022",5.422561,2,TRUE,5
"1097",2022-05-03,"2022",5.401961,3,TRUE,5
"1098",2022-05-04,"2022",5.381362,4,TRUE,5
"1099",2022-05-05,"2022",5.360762,5,TRUE,5
"1100",2022-05-06,"2022",5.340163,6,TRUE,5
"1101",2022-05-07,"2022",5.319564,7,TRUE,5
"1102",2022-05-08,"2022",5.298964,8,TRUE,5
"1103",2022-05-09,"2022",5.278365,9,TRUE,5
"1104",2022-05-10,"2022",5.257765,10,TRUE,5
"1105",2022-05-11,"2022",5.237166,11,TRUE,5
"1106",2022-05-12,"2022",5.216566,12,TRUE,5
"1107",2022-05-13,"2022",5.195967,13,TRUE,5
"1108",2022-05-14,"2022",5.175367,14,TRUE,5
"1109",2022-05-15,"2022",5.154768,15,TRUE,5
"1110",2022-05-16,"2022",5.134168,16,TRUE,5
"1111",2022-05-17,"2022",5.113569,17,TRUE,5
"1112",2022-05-18,"2022",5.092969,18,TRUE,5
"1113",2022-05-19,"2022",5.07237,19,TRUE,5
"1114",2022-05-20,"2022",5.051771,20,FALSE,5
"1115",2022-05-21,"2022",4.974114,21,TRUE,5
"1116",2022-05-22,"2022",4.896457,22,TRUE,5
"1117",2022-05-23,"2022",4.818801,23,TRUE,5
"1118",2022-05-24,"2022",4.741144,24,TRUE,5
"1119",2022-05-25,"2022",4.663487,25,TRUE,5
"1120",2022-05-26,"2022",4.585831,26,FALSE,5
"1121",2022-05-27,"2022",4.510375,27,TRUE,5
"1122",2022-05-28,"2022",4.434919,28,TRUE,5
"1123",2022-05-29,"2022",4.359463,29,TRUE,5
"1124",2022-05-30,"2022",4.284007,30,TRUE,5
"1125",2022-05-31,"2022",4.208552,31,TRUE,5
"1126",2022-06-01,"2022",4.133096,1,TRUE,6
"1127",2022-06-02,"2022",4.05764,2,TRUE,6
"1128",2022-06-03,"2022",3.982184,3,TRUE,6
"1129",2022-06-04,"2022",3.906728,4,TRUE,6
"1130",2022-06-05,"2022",3.831272,5,TRUE,6
"1131",2022-06-06,"2022",3.755816,6,TRUE,6
"1132",2022-06-07,"2022",3.680361,7,TRUE,6
"1133",2022-06-08,"2022",3.604905,8,FALSE,6
"1134",2022-06-09,"2022",3.543597,9,TRUE,6
"1135",2022-06-10,"2022",3.482289,10,TRUE,6
"1136",2022-06-11,"2022",3.420981,11,TRUE,6
"1137",2022-06-12,"2022",3.359673,12,TRUE,6
"1138",2022-06-13,"2022",3.298365,13,TRUE,6
"1139",2022-06-14,"2022",3.237057,14,TRUE,6
"1140",2022-06-15,"2022",3.175749,15,TRUE,6
"1141",2022-06-16,"2022",3.114441,16,TRUE,6
"1142",2022-06-17,"2022",3.053133,17,TRUE,6
"1143",2022-06-18,"2022",2.991825,18,FALSE,6
"1144",2022-06-19,"2022",2.922343,19,TRUE,6
"1145",2022-06-20,"2022",2.852861,20,TRUE,6
"1146",2022-06-21,"2022",2.783378,21,TRUE,6
"1147",2022-06-22,"2022",2.713896,22,TRUE,6
"1148",2022-06-23,"2022",2.644414,23,TRUE,6
"1149",2022-06-24,"2022",2.574932,24,FALSE,6
"1150",2022-06-25,"2022",2.515376,25,TRUE,6
"1151",2022-06-26,"2022",2.455819,26,TRUE,6
"1152",2022-06-27,"2022",2.396263,27,TRUE,6
"1153",2022-06-28,"2022",2.336706,28,TRUE,6
"1154",2022-06-29,"2022",2.27715,29,TRUE,6
"1155",2022-06-30,"2022",2.217593,30,TRUE,6
"1156",2022-07-01,"2022",2.158037,1,FALSE,7
"1157",2022-07-02,"2022",2.106105,2,TRUE,7
"1158",2022-07-03,"2022",2.054174,3,TRUE,7
"1159",2022-07-04,"2022",2.002243,4,TRUE,7
"1160",2022-07-05,"2022",1.950311,5,TRUE,7
"1161",2022-07-06,"2022",1.89838,6,TRUE,7
"1162",2022-07-07,"2022",1.846448,7,TRUE,7
"1163",2022-07-08,"2022",1.794517,8,TRUE,7
"1164",2022-07-09,"2022",1.742586,9,TRUE,7
"1165",2022-07-10,"2022",1.690654,10,TRUE,7
"1166",2022-07-11,"2022",1.638723,11,TRUE,7
"1167",2022-07-12,"2022",1.586791,12,TRUE,7
"1168",2022-07-13,"2022",1.53486,13,TRUE,7
"1169",2022-07-14,"2022",1.482929,14,TRUE,7
"1170",2022-07-15,"2022",1.430997,15,TRUE,7
"1171",2022-07-16,"2022",1.379066,16,TRUE,7
"1172",2022-07-17,"2022",1.327134,17,TRUE,7
"1173",2022-07-18,"2022",1.275203,18,FALSE,7
"1174",2022-07-19,"2022",1.248928,19,TRUE,7
"1175",2022-07-20,"2022",1.222653,20,TRUE,7
"1176",2022-07-21,"2022",1.196378,21,TRUE,7
"1177",2022-07-22,"2022",1.170104,22,TRUE,7
"1178",2022-07-23,"2022",1.143829,23,TRUE,7
"1179",2022-07-24,"2022",1.117554,24,TRUE,7
"1180",2022-07-25,"2022",1.091279,25,TRUE,7
"1181",2022-07-26,"2022",1.065004,26,TRUE,7
"1182",2022-07-27,"2022",1.03873,27,TRUE,7
"1183",2022-07-28,"2022",1.012455,28,TRUE,7
"1184",2022-07-29,"2022",0.9861799,29,TRUE,7
"1185",2022-07-30,"2022",0.9599051,30,TRUE,7
"1186",2022-07-31,"2022",0.9336303,31,TRUE,7
"1187",2022-08-01,"2022",0.9073555,1,FALSE,8
"1188",2022-08-02,"2022",0.9006674,2,TRUE,8
"1189",2022-08-03,"2022",0.8939792,3,TRUE,8
"1190",2022-08-04,"2022",0.8872911,4,TRUE,8
"1191",2022-08-05,"2022",0.8806029,5,TRUE,8
"1192",2022-08-06,"2022",0.8739148,6,TRUE,8
"1193",2022-08-07,"2022",0.8672267,7,TRUE,8
"1194",2022-08-08,"2022",0.8605385,8,TRUE,8
"1195",2022-08-09,"2022",0.8538504,9,TRUE,8
"1196",2022-08-10,"2022",0.8471623,10,TRUE,8
"1197",2022-08-11,"2022",0.8404741,11,TRUE,8
"1198",2022-08-12,"2022",0.833786,12,FALSE,8
"1199",2022-08-13,"2022",0.8427036,13,TRUE,8
"1200",2022-08-14,"2022",0.8516212,14,TRUE,8
"1201",2022-08-15,"2022",0.8605387,15,TRUE,8
"1202",2022-08-16,"2022",0.8694563,16,TRUE,8
"1203",2022-08-17,"2022",0.8783739,17,TRUE,8
"1204",2022-08-18,"2022",0.8872915,18,TRUE,8
"1205",2022-08-19,"2022",0.8962091,19,TRUE,8
"1206",2022-08-20,"2022",0.9051267,20,TRUE,8
"1207",2022-08-21,"2022",0.9140442,21,TRUE,8
"1208",2022-08-22,"2022",0.9229618,22,TRUE,8
"1209",2022-08-23,"2022",0.9318794,23,TRUE,8
"1210",2022-08-24,"2022",0.940797,24,TRUE,8
"1211",2022-08-25,"2022",0.9497146,25,TRUE,8
"1212",2022-08-26,"2022",0.9586321,26,TRUE,8
"1213",2022-08-27,"2022",0.9675497,27,TRUE,8
"1214",2022-08-28,"2022",0.9764673,28,TRUE,8
"1215",2022-08-29,"2022",0.9853849,29,TRUE,8
"1216",2022-08-30,"2022",0.9943025,30,TRUE,8
"1217",2022-08-31,"2022",1.00322,31,TRUE,8
"1218",2023-01-01,"2023",1.012138,1,TRUE,1
"1219",2023-01-02,"2023",1.021055,2,TRUE,1
"1220",2023-01-03,"2023",1.029973,3,FALSE,1
"1221",2023-01-04,"2023",0.9237055,4,TRUE,1
"1222",2023-01-05,"2023",0.8174382,5,TRUE,1
"1223",2023-01-06,"2023",0.7111709,6,FALSE,1
"1224",2023-01-07,"2023",0.7602173,7,TRUE,1
"1225",2023-01-08,"2023",0.8092636,8,TRUE,1
"1226",2023-01-09,"2023",0.8583099,9,TRUE,1
"1227",2023-01-10,"2023",0.9073562,10,TRUE,1
"1228",2023-01-11,"2023",0.9564026,11,TRUE,1
"1229",2023-01-12,"2023",1.005449,12,FALSE,1
"1230",2023-01-13,"2023",1.039168,13,TRUE,1
"1231",2023-01-14,"2023",1.072887,14,TRUE,1
"1232",2023-01-15,"2023",1.106606,15,TRUE,1
"1233",2023-01-16,"2023",1.140324,16,TRUE,1
"1234",2023-01-17,"2023",1.174043,17,TRUE,1
"1235",2023-01-18,"2023",1.207762,18,TRUE,1
"1236",2023-01-19,"2023",1.241481,19,TRUE,1
"1237",2023-01-20,"2023",1.2752,20,FALSE,1
